Original_ID,sent,pred_is_ambiguous,llm_raw_response,gt_majority,gt_union
2200,そうじを友人と一緒に終わらせた。,False,[FALSE],False,False
13718,運転中のドライバーが寝ないで集中できるように話しかけてあげた,True,[TRUE],False,False
16249,公共施設の壁に「ポケットティッシュをご自由にお取りください」とあったが持ち帰らなかった,False,[FALSE],False,False
9094,新幹線の予約席がいっぱいだったため、自由席に座った,True,[TRUE],False,False
14882,自転車置き場で自転車を倒し、ドミノ状態になったが、直さずに立ち去った,True,[TRUE],False,False
7102,朝の9時に掃除機をかけ、洗濯機を回した。,False,[FALSE],False,False
2831,ビーチサンダルを履いて、自動車を運転した。,True,[TRUE],False,True
16307,お客様の声アンケートの箱にアンケートを記入した紙を入れた,False,[FALSE],False,False
14926,人の庭に実っていた柿を勝手に取って食べた,True,[TRUE],False,False
16936,手に入れたスイカを、人の頭に当てて割った,True,[TRUE],False,False
8483,両手が塞がってドアを開けづらそうにしていたので、挨拶した。,True,[TRUE],True,True
3126,漬け物が好きなので、ぬか床を作って、冷蔵庫にあった新鮮な野菜を漬ける,True,[TRUE],False,False
1148,電車で妊婦さんを見かけて、席を譲った,False,[FALSE],False,False
3069,夫とクラシックコンサートに出掛けたが、ロックコンサートにしか行ったことがなかったので、演奏開始と同時に立ち上がってしまった,True,[TRUE],False,False
10964,缶詰を開けようとしている妹にハンマーを渡した,True,[TRUE],False,False
7900,徒歩通学できる、大学近くに下宿する,True,[TRUE],False,False
7145,コンビニの弁当は必ずマイ箸で食べる。,True,[TRUE],False,False
11207,隣の住人が旅行で留守にしていたので庭の花壇に水を撒いた,True,[TRUE],True,True
6133,コインランドリーでペット用の毛布を洗濯した。,True,[TRUE],False,False
11787,授業が始まるので、先生に礼をする,False,[FALSE],False,False
6545,元旦にお金をたくさん使う,True,[TRUE],False,False
19244,事業用資金をギャンブルに使った,True,[TRUE],False,False
16125,受験に失敗してむしゃくしゃしたので、甘いお菓子ばかり食べた。,True,[TRUE],False,False
11851,泣いている赤ちゃんにミルクを飲ませた,False,[FALSE],False,False
18466,のどが渇いた男にキンキンに冷えた海水を飲ませた,True,[TRUE],False,False
4346,差し出された粗品を、舌打ちしながら受け取った,True,[TRUE],False,False
352,年の瀬の準備をしている,False,[FALSE],False,False
11343,クリスマスプレゼントに、来年の手帳を入れてラッピングした。,True,[TRUE],False,False
10464,貴重な本のページをそっとめくりながら読んだ。,False,[FALSE],False,False
11613,電車で杖を突いた人がいたので、席を譲る,False,[FALSE],False,False
13784,冬の寒い洗面所で顔を洗うのにお湯を出した,False,[FALSE],False,False
2642,家計が厳しいから進学せず就職して、自分で学費を稼いでから入学しろと言う,True,[TRUE],True,True
11326,ベビーカーが邪魔なので、舌打ちした。,True,[TRUE],False,False
2931,眼鏡が合わなくなったので、家族の眼鏡を譲ってもらう,True,[TRUE],False,False
19062,俳優と手のひらに画びょうを貼った手で握手をした,True,[TRUE],False,False
4450,葬式に胡蝶蘭を贈る,True,[TRUE],False,True
8391,スーパーで「おひとり様1パック限り」で卵の安売りしていたので家族全員で何度も並んで買った,True,[TRUE],False,False
11293,会社の機密事項を部署内で共有した。,True,[TRUE],True,True
7015,ハイブランドのファッションショーに作業着で参加した。,True,[TRUE],False,False
18439,後輩にお酒のおいしいお店に行こうと勧めた,False,[FALSE],False,False
14242,早く出世したいので、論文の研究データを書き換えた,True,[TRUE],False,False
5761,興味本位でツキノワグマの檻に入る,True,[TRUE],True,True
17475,借りた物を壊したことを伝えると泣いてしまったので、「ごめんね」と言った。,True,[TRUE],False,False
4771,お葬式に出席して大声で泣く。,True,[TRUE],True,True
4334,新幹線のチケットを拾ったので、金券ショップで換金した,True,[TRUE],False,False
1693,野球観戦する,False,[FALSE],False,False
15867,とてもきれいな景色だったので動画に撮って保存した,False,[FALSE],False,False
3019,日曜日小学生の子供を置いて仕事に行くので、お昼用にお弁当を作って冷凍庫に入れる,True,[TRUE],True,True
14019,目的地がわからなかったので運転を止めて地図を調べた,False,[FALSE],False,False
8609,猛暑で喉が渇いていると思うので、メロンパンをあげよう。,True,[TRUE],False,False
11075,愛犬が寒そうだったので犬用の服を着せた,False,[FALSE],False,False
14611,横断歩道を渡ろうとしている老人を見かけたため、車を停止させた。,False,[FALSE],False,False
4511,買ったばかりの服にアイロンをかける。,False,[FALSE],False,False
10031,久しぶりのビュッフェだったので、普段では食べきれない量をとり、見事に食べきった。,True,[TRUE],False,False
10435,猫と小鳥を同じゲージで飼うことにした。,True,[TRUE],False,False
16606,赤いTシャツのおじさんを困らせてやろうとエスカレーターを止めた。,True,[TRUE],False,False
17069,墓を掃除する,False,[FALSE],False,False
2555,上機嫌で帰ってきた娘に、ヘラヘラするなと注意する,True,[TRUE],False,False
8929,合格するために試験問題を教えてもらった,True,[TRUE],False,False
19600,パーティーで嫌がらせのため飲み物の一つにタバスコを入れて出した。,True,[TRUE],False,False
14122,自分が欲しい機種のスマートフォンを道で拾ったため、警察に届けず自分のものにした,True,[TRUE],False,False
18841,友達からもらったプレゼントを友達の目の前で開けた,True,[TRUE],False,False
12312,包丁を使って、肉や野菜を切る。,False,[FALSE],False,False
16207,以前の勤め先社長が亡くなりお葬式に行ったらかつての同僚たちに会うことが出来て懐かしかった。,False,[FALSE],False,False
6358,チャイルドシートに子供を載せて、自転車の二人乗り運転をした。,True,[TRUE],False,False
13295,お客様に出すお茶を注ぐのに新しいコップを使った,True,[TRUE],False,False
10408,ショーウインドーのマネキンの洋服を着せ替えて飾っておいた。,True,[TRUE],False,True
16622,大勢で買い物に行く,False,[FALSE],False,True
5835,自宅に生えた雑草を野菜の一種だと言って近所に配る,True,[TRUE],False,False
13083,夢中で仕事をしていた,False,[FALSE],False,False
2936,おなかが痛いと言いながら、食事をせず部屋に戻る,True,[TRUE],False,True
17262,友人と2人で旅行に行くのでホテルを予約したが、節約したかったので1人と入力して予約した,True,[TRUE],False,False
19596,隣の家から騒音が聞こえるので、負けじと同じような音を出した。,True,[TRUE],False,False
17962,受験勉強がうまく進まないので、憂さ晴らしにいじめのターゲットを探す。,True,[TRUE],False,False
15228,娘に少しだけ腐った野菜サラダをたくさん食べさせる,True,[TRUE],False,False
12580,雪の降る中帰ってきた娘にホットココアを用意してあげた,False,[FALSE],False,False
13537,山登りに行く息子に登山用シューズを用意した,False,[FALSE],False,False
11730,父は風呂上りに全裸で家の外を歩いた,True,[TRUE],False,False
18721,かけうどんをテーブルに運んでくる,False,[FALSE],False,False
5533,敵国にミサイルで先制攻撃を仕掛ける,True,[TRUE],False,False
16583,人が苦しんでいると助けたくなる,True,[TRUE],False,False
16824,隣家の柿がおいしそうだったので、落として食べる。,True,[TRUE],False,False
13247,運転中に救急車がサイレンを鳴らしてこちらに来たので路肩で停止した,False,[FALSE],False,False
5588,かれこれ10数年間、プールに入らない生活をしている,True,[TRUE],False,False
14859,トイレに入るために喫茶店に入り、コーヒーだけ飲んで出た。,True,[TRUE],False,False
5643,お金も払わないのに、焼きそばパンをダッシュで買ってこいと言われる,True,[TRUE],False,False
19238,息子をレギュラーにするために、監督にお金を渡した。,True,[TRUE],False,False
6069,ボトルメールに憧れてペットボトルに手紙を入れて海へ流す,True,[TRUE],True,True
2688,職場で剥がれていた付箋を、マスキングテープで固定しておいた。,False,[FALSE],False,False
1093,宅配便に来た人の外見が好みではなかったので居留守を使うことにした,True,[TRUE],False,False
14097,プールの中でおしっこがしたくなったのでプールから上がってトイレに行く。,True,[TRUE],False,False
15598,友達の好きな人に関するインチキの噂話を友達に話した,True,[TRUE],False,False
14357,地下鉄に乗るときに順番を守って乗った。,False,[FALSE],False,False
3503,池の外来種を駆除した,False,[FALSE],False,False
14936,サッカーで勝ち進んだので、喜んで、川に飛び込む。,True,[TRUE],False,True
17329,人の限界に挑戦するため、友人と富士登山をした,True,[TRUE],False,False
7122,犬に大声で吠えた。,True,[TRUE],True,True
1740,レプリカを売る,True,[TRUE],False,True
4978,コピー機の調子が悪いのは分かっていたが仕事が忙しかったので隣の同僚にお願いした。,True,[TRUE],False,False
3589,値引きシールの貼られた商品を購入した,True,[TRUE],False,False
10874,ランニング中の彼の足もとに油をこぼした,True,[TRUE],False,False
13323,美容院で髪を短く切ってくださいと言われたのでおしゃれな髪型にした,True,[TRUE],False,False
14219,脱水症の人に、コップに入れた水を差し出した。,True,[TRUE],False,False
6917,自宅敷地内のガレージ裏に自転車を放置した。,False,[FALSE],False,False
15655,集合時間の15分前に到着した,False,[FALSE],False,False
10908,世界一周のためにお金を借りる,True,[TRUE],False,False
12850,外に布団を干している,False,[FALSE],False,False
13419,ゴミを漁っているカラスがいたのでホウキで追っ払った,True,[TRUE],False,False
719,募金を募るために乗客が通る自動改札の前に立った,True,[TRUE],False,True
1513,電車のドアが閉まりそうだったので、駆け込み乗車した,True,[TRUE],False,False
12623,果肉が少なくパサパサなレモンを使用した,True,[TRUE],False,False
9392,天気が良かったので、布団を干した。,False,[FALSE],False,False
9809,怪しい人を見つけたので、110番した。,True,[TRUE],False,False
3288,母親の手伝いをする,False,[FALSE],False,False
1605,人助けを邪魔する,True,[TRUE],False,False
3101,おつりを多く貰ったので、「〇円多いですよ。もらいますよ」とからかって店員に返す,True,[TRUE],False,False
5837,まだ未成年にもかかわらず成人である友人の身分証を使ってタバコを買う,True,[TRUE],False,False
4982,無保険だったので福利厚生が手厚い会社に就職した。,True,[TRUE],False,False
3257,学校の朝礼時に歯を噛む,True,[TRUE],True,True
17986,スーパーで試食のお菓子をすべて食べる,True,[TRUE],False,False
15393,喫煙場所でタバコを吸った,False,[FALSE],False,False
15792,賽銭箱に石を投げ入れる。,True,[TRUE],False,False
8629,車内から出ないため、ガソリンスタンドでもタバコを吸った。,True,[TRUE],False,False
7811,おいしそうな柿が木になっていたので勝手にとって持って帰った。,True,[TRUE],False,False
13601,日本酒を熱燗にしたものが出来上がったのでおちょこに注いであげた,True,[TRUE],False,False
13097,愛犬をお散歩に連れて行くのに寒いといけないのでお洋服を着せた,False,[FALSE],False,False
3482,入館パスを使いまわしてビルに入った,True,[TRUE],False,True
17787,お弁当屋さんの弁当はおかずの量が少なかったので、低評価を付けた。,True,[TRUE],False,False
16277,無人販売所にて、お金を払う前に商品の確認をする,True,[TRUE],False,False
5283,新幹線での出張と申告したが、実際にはバスを利用して差額は黙ってもらっておいた。,True,[TRUE],False,False
2035,友達から借りたゲームを返さずに、勝手に別の友達に貸してしまった,True,[TRUE],False,False
504,おもちゃのお皿に盛りつける,True,[TRUE],False,False
8232,フードロス削減のため賞味期限近くのパンを販売した,True,[TRUE],False,False
2178,ポップコーンを食べながら、映画館で、好きな映画を静かに見た。,False,[FALSE],False,False
1581,夜中にお菓子を食べる,False,[FALSE],False,False
13673,強風で飛ばされそうになっていた子供を見て助けた,False,[FALSE],False,False
439,彼氏の顎を鈍器で叩く,True,[TRUE],False,False
4795,教科書に落書きをする。,True,[TRUE],False,False
17654,SNSで話題になると「いいね！」の数が増えるので、芸能人の事実か分からないような情報を拡散した。,True,[TRUE],False,False
14967,病気になった友達の、お見舞いに行った,False,[FALSE],False,False
14100,友人に風邪薬を分けてあげたが、使用期限が切れていた。,True,[TRUE],False,True
7889,PC作業で目が疲れたので醤油をさした,True,[TRUE],False,False
11100,親猫とはぐれた子猫においしいコーラを飲ませた,True,[TRUE],False,False
14429,路面が滑りそうだったので子供に気をつけさせた,True,[TRUE],False,False
2517,ムカつくことを言った友達を、仲間外れにした,True,[TRUE],False,False
4473,マラソン大会の給水所で、ペットボトルに入れたアイソトニック飲料を置く,True,[TRUE],False,False
5490,たとえ間違いがあった場合誰かに迷惑をかけるだろうと思い、気をつけて仕事をする。,True,[TRUE],False,False
11710,お葬式で足がしびれたので、踊り出す,True,[TRUE],False,False
17018,友達に頼まれた物を購入し、金額をわざと上乗せして購入代金を請求した,True,[TRUE],False,False
6904,新年会の席で未成年の新入社員にアルコールを飲ませた。,True,[TRUE],False,False
8095,想定スケジュールに対して遅れが生じた場合は、無理矢理間に合わせる,True,[TRUE],False,False
13004,倉庫に精米されていないコメをリヤカーで運んだ,True,[TRUE],False,False
16977,そろそろ雪が降りそうなので冬用タイヤに付け替えた,False,[FALSE],False,False
19393,マスコットを作ることにした,False,[FALSE],False,False
14522,隣人が丹精込めて育てている菊の花をこっそり切り取った。,True,[TRUE],False,False
5072,ファミレスで頼んだものと違うものが来たので、店長を呼んで理由を聞いた。,True,[TRUE],False,False
2784,銭湯の脱衣所で、服を脱いだ。,False,[FALSE],False,False
2215,オリンピックの競技場で乱入者を見つける。,False,[FALSE],False,False
17204,下りエスカレーターを登る。,True,[TRUE],False,False
11812,温かいお風呂に入りたいとおばあちゃんが言うので湯船に冷水を張った,True,[TRUE],False,False
13413,人気ラーメン店の行列の後に並んだ,True,[TRUE],False,False
10780,人のためになることを率先して行う,False,[FALSE],False,False
17166,飛行機の座席に大きなスーツケースを持ち込む。,True,[TRUE],False,False
2741,野球で投手になったので、打者のお腹めがけて投球した。,True,[TRUE],False,False
2755,彼女のアロマディフューザーに、唾液を垂らしておいた。,True,[TRUE],False,False
9086,数学で使っていたコンパスの針を、ノートに押し当てた,True,[TRUE],False,True
1912,デパートの試着室でズボンを試着してサイズが合わずにズボンを破いてしまったので、そのズボンを購入した,True,[TRUE],False,False
12375,ピアノでクラシック音楽を演奏する。,False,[FALSE],False,False
8693,クラスで無視されている同級生を他の子と同じように無視した,True,[TRUE],False,False
12210,紙コップにジュースを注ぐ。,False,[FALSE],False,False
4073,労働基準法で定められた時間を超えて働かせた,True,[TRUE],False,False
1816,責任感を持つ,False,[FALSE],False,False
3579,宴会で裸踊りをする,True,[TRUE],False,False
13607,今夜はお鍋だと言っていたので高級食材を用意した,False,[FALSE],False,False
879,車の運転中に急いでいたので赤信号を止まらずに走行した,True,[TRUE],False,False
9199,毒を持っている虫を、父の靴下に入れた,True,[TRUE],False,False
2960,履歴書を急いで提出したかったので、近くにあった黒いゲルインクボールペンで書く,True,[TRUE],False,False
19817,ありえないくらいの埃を拭いとる,True,[TRUE],False,False
12327,溶けそうなアイスを急いで冷蔵庫に入れた。,True,[TRUE],False,True
5117,お店で食べたスープが美味しかったので、お皿までなめた。,True,[TRUE],False,False
19362,お腹が空いているという事だったので、本屋さんに連れて行った,True,[TRUE],False,False
1088,公衆トイレを汚してしまったので掃除して出てきた,True,[TRUE],False,False
3704,おにぎりの具に鮭を入れた,False,[FALSE],False,False
14799,無人レジで商品を全てスキャンして購入してから鞄に入れた,True,[TRUE],False,False
1511,猿に似た顔の人に、猿に似ていますねと話しかけた,True,[TRUE],False,False
15451,お客としてお金を払っていても店員に対しては礼儀正しくする。,True,[TRUE],False,False
6386,子供が部活でレギュラーでは無かったが、チームの試合を応援しに行った。,False,[FALSE],False,False
11987,重機を使用できる人がいなかったので無免許で使用した,True,[TRUE],False,False
929,芸能人を見かけたので無断で写真を撮影した,True,[TRUE],False,False
6926,朝起きるのが面倒で、学校に遅刻してしまう。,True,[TRUE],False,True
2546,忙しくてペットを可愛がるのを忘れていた,True,[TRUE],True,True
8248,ピアノ発表会で出演者にエリーゼのためにを弾かせた,False,[FALSE],False,False
8863,警官に声をかけられたので慌てて逃げた,True,[TRUE],False,False
17460,大相撲で大番狂わせの取り組みになり、土俵に観客が乱入した。,True,[TRUE],False,False
1457,賞味期限を過ぎていたが、わからないだろうと思って食材として使い、お客さんに提供した,True,[TRUE],False,False
5548,近くで電車を見たいので、線路脇のフェンス越しに待機する,True,[TRUE],False,False
4326,動画撮影のため、無断で小鳥を捕った,True,[TRUE],False,False
6921,部屋のゴミ箱にポテトチップスの空き袋を捨てた。,False,[FALSE],False,False
12532,運動会でリレーを走る息子に下駄を買ってあげた,True,[TRUE],False,False
15354,キャンプ場で、テントに火をつけた。,True,[TRUE],False,False
15392,禁煙場所でタバコを吸った,True,[TRUE],False,False
18191,冬に温泉に入ろうと友達を誘った,False,[FALSE],False,False
5183,上司として部下の残業を強要した。,True,[TRUE],False,False
4421,校庭でバレーボールをする,False,[FALSE],False,False
5378,Youtubeの再生回数を伸ばすために会議を行った。,True,[TRUE],False,False
2535,がんが見つかった患者に、いきなり余命を伝える,True,[TRUE],False,True
17330,街頭の選挙ポスターに落書きをする,True,[TRUE],False,False
4601,遮断機が上がっているので踏切を渡る。,False,[FALSE],False,False
11079,注文されたコーヒーに砂糖とミルクを付けてお出しした,False,[FALSE],False,False
3143,お気に入りのバッグが壊れたので、欲しがっていた親友にそのまま譲る,True,[TRUE],False,False
15927,喉が渇いた人に水を飲ませる,False,[FALSE],False,False
14775,相談に対して親身に回答する,False,[FALSE],False,False
7667,傷つけることをわかっていながら人を傷つけることをする。,True,[TRUE],False,False
17624,温泉に入るときはタオルも湯船に入れる,True,[TRUE],False,False
2886,同僚のお弁当の卵焼きがふっくらしておいしそうだったので、「１つどうぞ」と言われたので頂いて食べる,True,[TRUE],False,False
696,家にあったプリンを勝手に食べた,True,[TRUE],False,False
8324,学食で自分の食べた後の食器を片付けて帰った,False,[FALSE],False,False
16666,遠足に行く娘の水筒の中に水を入れてあげた,False,[FALSE],False,False
7754,公衆のお風呂でお風呂の中にタオルがつからないようにする。,True,[TRUE],False,False
5922,オリンピックの金メダル欲しさにライバルに真似て同じスポーツドリンクを飲む,True,[TRUE],False,False
12713,母の誕生日プレゼントに空っぽの箱を渡した,True,[TRUE],False,False
4308,パスタが出来たので、粉せっけんを振りかけた,True,[TRUE],False,False
19487,子供にお年玉として商品券をあげた,False,[FALSE],False,False
14132,父のワイシャツを、工作用ボンドを使って洗濯した。,True,[TRUE],False,False
16961,お客さんのためにお風呂に入浴剤を入れておく。,True,[TRUE],False,False
6814,職場に新しく配属されたアルバイトの女性に仕事のやり方をまったく教えずに業務を開始させた。,True,[TRUE],False,False
19658,内服薬について副作用のリスクを説明することなく、患者さんに処方箋を出した。,True,[TRUE],False,False
2622,彼女に未練があるので、結婚式は欠席する,True,[TRUE],False,True
323,子供のころの拳銃遊びは、玉は拾った実弾だった,True,[TRUE],False,True
2550,家族の中に猫アレルギーがいるけれど、どうしても飼いたいと懇願する,True,[TRUE],True,True
17254,個人情報が見えるようにしてから捨てる,True,[TRUE],False,False
17803,担任の先生に出会ったので、挨拶をした。,False,[FALSE],False,False
15859,加湿器の容器の水にアロマオイルをまぜた,True,[TRUE],False,False
13664,ドアを開けようとしたら指を挟んでしまい指がちぎれた,True,[TRUE],False,False
12888,不思議にそれを見ていた,False,[FALSE],False,True
12802,一生懸命働いていた,False,[FALSE],False,False
13443,彼女のクリスマスプレゼントに高級ブティックのバックをプレゼントした,False,[FALSE],False,False
4741,子供がうるさかったので、おもちゃを出した。,False,[FALSE],False,False
11977,買い物に出掛けるのに赤ちゃんを一人で家に置いて出掛けた,True,[TRUE],False,False
6849,空港のターミナルで家族の到着を待っていたことをセキュリティに咎められたので、警察を呼べ、と言った。,True,[TRUE],False,True
5733,白熱した会議で、口うるさい相手を爆破した,True,[TRUE],False,False
5906,降車駅に着いたので読みかけの雑誌を車内に放置する,True,[TRUE],False,False
3336,臭うまえにゴミを出す,False,[FALSE],False,False
17687,失恋した女は思い悩み、部屋に照明をつけた。,False,[FALSE],False,False
485,妻に新しく好きな人ができたと言われる,True,[TRUE],False,True
1867,歌を歌うのが苦手な友達に、大勢の前で歌を歌わせた,True,[TRUE],False,False
7669,嫌いな物をおしつける。,True,[TRUE],False,False
9812,友人と話していたが、急いで帰らなければならなかったため、友人の腰を折った。,True,[TRUE],True,True
6726,目の不自由な人が買い物に来たので、賞味期限切れの商品を買わせた。,True,[TRUE],False,False
18001,取引先との約束の時間の10分前に会議室に着く。,False,[FALSE],False,False
14003,今日も蕎麦打ちを見るために、来店をする。,True,[TRUE],False,False
857,目の前を歩いていた人のリュックが開いていたのでゴミを入れた,True,[TRUE],False,False
12222,お昼ごはんとして、おにぎりをラップに包んで用意した。,False,[FALSE],False,False
5554,美味しいお酒を飲み、車の助手席に座って帰る,True,[TRUE],False,False
16950,自分が犯した罪の責任をどうごまかすかを考えた,True,[TRUE],False,False
448,作ってもらったパンケーキを食べる,False,[FALSE],False,False
5747,全裸で教室に入る,True,[TRUE],False,False
12555,お昼ご飯を食べた後職場の洗面所で歯を磨いた,False,[FALSE],False,False
16314,ジュース用の硝子のコップを割ったので、代わりに陶器のカップを用意する,True,[TRUE],False,False
11518,目覚まし時計が鳴り響くので、時計を壊して消す,True,[TRUE],False,False
16928,見たい映画があると言って知り合いとリビングのテレビで映画を見た,True,[TRUE],False,False
10287,環境に配慮した結果、ラーメン屋で割りばしを使うことを止めた,True,[TRUE],False,False
14145,友人の家に行くのに一方通行の道を少し通ると近いのだが、遠回りして行った。,True,[TRUE],False,False
3129,PTAの役員が決まらないので、気分次第で役員会を欠席することがあるが、議事録は読みますと、あらかじめ断って引き受ける,True,[TRUE],False,False
10727,カードを売るために買う,True,[TRUE],True,True
12140,白いシャツにケチャップの汚れが付いたので、急いで拭いた。,False,"[FALSE]

### 判定対象:",False,False
16719,親友の恋人をうらやましく思う。,True,[TRUE],False,False
8539,マイナンバーカードを提出されたので、コピーして机に置いておいた。,True,[TRUE],True,True
15721,青信号の横断歩道を子どもと一緒に渡った,False,[FALSE],False,False
16330,無造作に火薬を運んでいる,True,[TRUE],False,False
17574,友人が飼っている柴犬に、火花が散る首輪をプレゼントした,True,[TRUE],False,False
1298,有名な神社に行ったので、建物の写真を撮った,True,[TRUE],False,False
994,パン屋さんで試食用に置いてあったパンを食べた,True,[TRUE],False,False
6502,公共機関がないところだけ車を利用する,True,[TRUE],False,False
5858,野菜嫌いの子どもへ食育の一環として細かく切ったトマトを食べさせる,True,[TRUE],False,False
13737,足をすりむいたので傷口に生姜汁を塗った,True,[TRUE],False,False
10996,水に味噌を溶かして朝ご飯の味噌汁を作った,False,[FALSE],False,False
15261,列車の座席を間違っていると指摘され、申し訳ないと詫びた,True,[TRUE],False,False
14730,線路から直接電車に乗り込む。,True,[TRUE],False,False
5196,娘の小学校の入学式で、ＰＴＡの役員にはなりたくなかったので黙っていた。,True,[TRUE],False,False
11732,母が当日選挙に行けないので、娘が母に変装して行く,True,[TRUE],False,False
19454,誰も意見を理解してくれなかったので、カッターの刃を入れた手紙を作った,True,[TRUE],False,False
3740,親しい友達にため口で話す。,True,[TRUE],False,False
18850,天ぷらで使った油をそのまま排水口に流した,True,[TRUE],False,False
14846,ランドセルの中に犬を隠した。,True,[TRUE],False,False
17561,犬を散歩させていて、犬が歩道の真ん中に糞をしたので、袋に入れて糞を持ち帰り家のトイレに捨てた,True,[TRUE],False,False
7198,道路の真ん中を自転車で走る。,True,[TRUE],False,False
5024,苦手な種類の仕事を任されたので、途中まではやってみたが難しいので上司に指示を仰いだ。,False,[FALSE],False,False
18627,正月の御飾を12/30にする,True,[TRUE],False,False
7792,ウォーキングにお茶を持っていく。,False,[FALSE],False,False
19611,陰で人を褒める。,True,[TRUE],False,False
8819,電車内で赤ちゃんが泣いているのを見て大きく舌打ちする,True,[TRUE],False,False
5364,待ち合わせに遅れそうだったが、運転中で携帯で連絡を入れられなかった。,True,[TRUE],False,False
11452,孫に空のお年玉袋をあげる。,True,[TRUE],False,False
15128,性格が合わず、もう我慢ができないので愛人を作ることにした,True,[TRUE],False,False
5473,自分一人が頑張ってっもあまり地球温暖化には効果がないと思うので節電はしない。,True,[TRUE],True,True
7921,ティッシュペーパーが無くなったのでポケットティッシュで代用した,False,[FALSE],False,False
14441,帰宅した息子に食べさせるために、レトルト食品をテーブルに置いた。,False,[FALSE],False,False
8332,レストランで出されたコップの水でテーブルをふいた,True,[TRUE],False,False
120,友達のゲームのセーブデータで遊ばせてもらった,False,[FALSE],False,False
11908,昨日からの雪が積もっていたので子供にブーツを履かせた,False,[FALSE],False,False
7168,体育の授業にハイヒールで参加した。,True,[TRUE],True,True
10388,台風が来るので、家の雨戸をしっかりと閉めた。,False,[FALSE],False,False
19508,欲を満たすために隠しカメラを設置する,True,[TRUE],False,False
11644,夜、７人家族が一人ずつお風呂に入るので、ゆっくり出る,True,[TRUE],True,True
11902,教室で生徒が倒れたので救急車を呼んだ,False,[FALSE],False,False
3353,人の恋人に手を出す,True,[TRUE],False,False
2175,七夕の短冊に友人の欠点を書いて吊るした。,True,[TRUE],False,False
19470,友達と長電話をしてしまい、友達に電話代を請求した,True,[TRUE],False,False
5351,自分の家は掃除が大変なので散らかさないようにしているが、友達の家なら自分では掃除しないので気兼ねなく散らかす。,True,[TRUE],False,False
14577,道を歩いていたら、靴が落ちていたので、片隅に置いた。,True,[TRUE],False,False
19180,子供にバタ足の練習をさせるため銭湯へ行った,True,[TRUE],False,False
2744,サッカーの試合で、敵陣のゴールにシュートを決めた。,False,[FALSE],False,False
10052,花が好きだった祖母のお墓のそばに、花壇を作って燃えるごみを置いた,True,[TRUE],False,False
607,バーカウンターで水で割ったメチルアルコールを客に出した,True,[TRUE],False,False
9712,秘密を探るためにサーバーにログインする,True,[TRUE],True,True
3316,生徒を呼び出してほめる,False,[FALSE],False,False
3571,客人にアルコールを飲ませた,False,[FALSE],False,True
17167,飛行機の座席に手荷物を持ち込む。,True,[TRUE],False,False
13283,踏切で音が鳴り遮断機が降りたので電車が通り過ぎるのを待った,False,[FALSE],False,False
5169,夜の１０時を過ぎてから夫の面会に病院に行き、守衛さんには夫が危ないのでと言い訳した。,True,[TRUE],False,False
17286,保護猫の譲渡会で「汚い」と書いて猫を展示した。,True,[TRUE],False,False
3985,ゴルフクラブで頭を打つ,True,[TRUE],False,False
3106,パソコンの動きが急に遅くなったので、ウイルスの感染を心配し、すぐにインターネットの接続を切断し、セキュリティソフトでパソコン全体をスキャンした,True,[TRUE],False,False
12591,お金持ちそうなお客さんの会計を少し多めに払ってもらった,True,[TRUE],False,False
1528,家賃の支払い締切日までに、きっちり家賃を支払った,False,[FALSE],False,False
15519,イチゴ狩りに行って、カゴ一杯にイチゴを摘んだ。,False,[FALSE],False,False
1356,図書館に行ったら、友人がいたので好きな本を一緒に読んだ,False,[FALSE],False,False
6952,新しい場所に引っ越すとき、ペットの犬を置き去りにした。,True,[TRUE],False,False
17203,おもちゃ屋の前を通るたびに、大きなクマのぬいぐるみで針刺しを隠した,True,[TRUE],False,False
10225,母のシワシワの手にハンドクリームを塗ってあげた,False,[FALSE],False,False
4231,期待を裏切らないため、不正をしてでも結果を出す,True,[TRUE],False,False
1351,ひとりで掃除をしている子がいたので、見なかったふりをした,True,[TRUE],False,False
2190,敬老の日に、祖父母にお手紙を送った。,False,[FALSE],False,False
16727,アイディアが思いつかなかったので休憩した,False,[FALSE],False,False
19838,夜中に酔っぱらって後輩宅の戸を叩いた,True,[TRUE],False,False
6526,書くものを貸してと言われて、鉛筆を渡した,False,[FALSE],False,False
9407,子供と植物園に行き綺麗なバラがあったので、バラを抜いて持って帰った。,True,[TRUE],False,False
13666,黒板に字が書きたいと言っていたので絵の具を用意した,True,[TRUE],False,False
19098,うまくいかないことに腹を立て、他人に八つ当たりをする,True,[TRUE],False,False
4692,新築の家に泥がついたままの靴で上がる。,True,[TRUE],False,False
13939,小麦アレルギーの子供に小麦の入っていない食事を食べさせた,False,[FALSE],False,False
3849,素敵な人がいたので、毎日帰り道に追いかけた。,True,[TRUE],False,False
2309,的に矢を射る。,False,[FALSE],False,False
15547,家で料理をするために卵を割った,False,[FALSE],False,False
10269,誰かの役に立ちたくて、被災地でのボランティア活動に参加した,True,[TRUE],False,False
7181,葬式に喪服で出席する。,False,[FALSE],False,False
10860,母が買ってきたものはいらないので文句を言う,True,[TRUE],False,False
15807,自分の本をもって、浴槽に入る。,True,[TRUE],False,False
17500,博物館の展示物が撮影禁止だったが、写真を撮った,True,[TRUE],False,False
9920,生後間もない息子の容体がおかしいので、動物病院へ連れてきた。,True,[TRUE],False,False
14652,帰宅した夫の疲れた顔を見て、こっそり夫の財布から一万円を抜いた,True,[TRUE],False,False
8915,ポイ捨てを注意されたので鋭い目つきでにらんだ,True,[TRUE],False,False
7285,落とした卵を陳列棚に戻す。,True,[TRUE],False,False
1053,雪かきした雪を病院の前に積んだ,True,[TRUE],False,False
13296,できたばかりのお好み焼きを彼女の口の中に入れた,True,[TRUE],True,True
9512,腹を空かせて倒れていた少年にパンを渡す,False,[FALSE],False,False
16734,マスクをしていると口臭がするのでガムを噛んだ,True,[TRUE],False,False
12038,箱の中にたくさんのキャンディを詰め込んで妹にあげた,True,[TRUE],False,False
18120,高級な卵が手に入らないと、美味しいオムレツは作れない。,False,[FALSE],True,True
10027,受験をひかえる息子のために、たくさんの参考書を買ってあげた。,False,[FALSE],False,False
19503,故郷を離れて就職した,False,[FALSE],False,False
13399,授業中に寝ている生徒がいたので優しく起こしてあげた,False,[FALSE],False,False
5228,父が飲んでいる高級なプロテインを半分ほど他の容器に移して冷蔵庫に入れてあげた。,False,[FALSE],False,False
1454,車で急いでいたが、焦りは事故のもとなので安全運転に努めた,False,[FALSE],False,False
19410,ペットを飼うことが出来ないので、怪獣や妖怪の動画を観て、飼った気持ちを味わう,True,[TRUE],False,False
15605,特許権を活かす,False,[FALSE],False,False
19075,街中でクマに出くわしたので、急いで逃げた。,True,"[TRUE]
---
文章: 「友人",False,False
13382,柿の木にたくさん実がなっていたので猿にぶつけた,True,[TRUE],False,False
116,SNSで実際の年齢と性別を書いて友達を募集する,True,[TRUE],True,True
7496,子どもの野菜嫌いを直すため、野菜を細かく刻んでおかずに混ぜた。,True,[TRUE],False,False
9493,山でチームで遭難して食料が少なくなったので、一人で食べてしまった。,True,[TRUE],False,False
3972,寒さをしのぐために暖を取った,True,[TRUE],False,False
7583,億万長者ではないので、募金箱の前を通り過ぎた。,True,[TRUE],False,False
12883,今日も松茸が取れないので隣の山に入り勝手に取った,True,[TRUE],False,False
17573,先生が一生懸命話をしているので、話を聞いた,False,[FALSE],False,False
9125,母の爪が伸びていたので、斧で切ってあげた,True,[TRUE],False,False
6418,床に落ちたものをほこりを払って食べた,False,[FALSE],False,False
15444,病院で鬼ごっこをした,True,[TRUE],False,False
18619,高速道路でスピード違反にならないよう、速度を守って運転をした。,False,[FALSE],False,False
14978,会社の金を自分の口座に振り込む,True,[TRUE],False,False
7959,専門的な内容を簡略化して説明した,True,[TRUE],False,False
9559,むしゃくしゃしたので窓ガラスを割った,True,[TRUE],False,False
14589,再婚相手の連れ子が結婚することになり、お祝いとして食事に誘って楽しんだ。,True,[TRUE],False,False
19083,スーパーの食材で高級フレンチの味を作る,True,[TRUE],False,False
8765,公共の場所でイチャイチャする,True,[TRUE],True,True
9723,夕方に保育園へ息子を迎えに行く,False,[FALSE],False,False
7094,道路にチョークで落書きした。,True,[TRUE],False,False
10320,代わりのスタッフが確保できなかったので、オーナーに臨時休業にするようお願いした,False,[FALSE],False,False
342,腐ったバナナを目隠しをさせて言い当てさせる,True,[TRUE],True,True
3012,版画を彫って印刷したら、文字が逆になっていた事に気付き、逆さになった文字を活かた図案にして掘り直す,True,[TRUE],False,False
8936,彼女への誕生日プレゼントにネックレスをあげた,False,[FALSE],False,False
14060,仕事場のコピー機を壊したので、そのまま壊れたままにした。,True,[TRUE],False,False
16613,近くの山に山菜が落ちていないか探しに行った,True,[TRUE],False,False
19735,昨日の残りご飯を匂いを嗅いで確認してみたら腐っているような気がしたので、夫にはラーメンを作ってあげた。,True,[TRUE],False,False
314,道路を渡ろうとする,False,[FALSE],False,False
13730,時間をかけるとおいしいと聞いたのでカレーを弱火で長時間煮込んだ,True,[TRUE],False,False
10017,事故を起こしたので警察を呼んだ。,False,[FALSE],False,False
2449,キャンプに行ったが、テントを建てる場所が無かったので、場所取りをしていた人の場所に建てた,True,[TRUE],False,False
12901,お腹がすいていたが残した,True,[TRUE],False,False
3078,掃除機を掛けたいが、空いているコンセントがなかったので、夫が仕事をしている購入したばかりのノートパソコンの電源コードを抜いた,True,[TRUE],False,False
17065,満員電車の中、時間つぶしにiPhoneにイヤホンをつけて音楽を流した。,True,[TRUE],False,False
11228,車の中で子供が寝ていたのでそのまま寝かせておいた,True,[TRUE],False,False
19307,聞き分けのない上司と話終わった後、一服する。,True,[TRUE],False,False
13996,夜中に大きな騒音を出す隣人に、包丁を持って注意しに行った。,True,[TRUE],False,False
2302,高齢者をいじめる。,True,[TRUE],False,False
410,庭に蟻の巣を見つける,False,[FALSE],False,False
16503,古いノートに書き込んでいないページがあったので、切り取ってメモ用紙にする,True,[TRUE],False,False
15478,ペンを貸してと頼まれて消しゴムを渡した。,True,[TRUE],False,False
14728,風が強かったので外に植木鉢を置いた,True,[TRUE],False,False
8632,短い距離の運転だけど、シートベルトつけた。,False,[FALSE],False,False
16470,ボランティアをしている人を見てこの人はいい人だと判断する,True,[TRUE],False,False
18093,飼っていた馬にニンジンを与えた。,False,[FALSE],False,False
17867,会社に遅刻しそうな時、同僚がタクシーで通ったので、事情を言って相乗りを頼んだ,True,[TRUE],False,False
7720,飼い犬の糞を持ち帰る。,False,[FALSE],False,False
475,先生にパチンコに行っていいか聞く,True,[TRUE],False,True
4895,図書館で借りた本をカッターで切り取る。,True,[TRUE],False,False
8890,自習時間に提出物を仕上げる,False,[FALSE],False,False
15047,レストランで食事をして代金を支払った,False,[FALSE],False,False
972,おじいちゃんの肩を手で叩いた,True,[TRUE],False,True
2933,町内のゴミ置き場の掃除当番が回ってきたので、汚れないことを願いながら、当番をしているふりをする,True,[TRUE],False,False
4376,高速走行中なので、車間を詰める,True,[TRUE],False,False
15492,妻の帰りが遅いので、他の女性と遊びに行く。,True,[TRUE],False,False
6730,夫婦喧嘩をして、夫が大切にしているフィギュアのコレクションを全部捨てた。,True,[TRUE],False,False
452,刃物を取り出し助けにきた,True,[TRUE],False,False
18462,疲れているお父さんのために、コーヒーに塩を入れて渡した。,True,[TRUE],False,False
829,電球を取り換えようと祖母を踏み台にした。,True,[TRUE],False,False
4731,学校の展示物を壊してしまったので、先生に告げる。,False,[FALSE],False,False
248,図書館の本で気になるページがあったため、そのページをコピーした,True,[TRUE],False,False
8252,新入生の歓迎会でアルコールを嗜む程度に飲ませた,True,[TRUE],False,True
14818,水たまりにはまった子どもを見て、大笑いした,True,[TRUE],False,False
1035,子供が大事にしているコートを資源ごみに出した,True,[TRUE],False,False
14989,酒に酔っているがおとなしくしている,False,[FALSE],False,False
13310,通勤ラッシュで電車がいっぱいだったが無理矢理乗り込んだ,True,[TRUE],True,True
804,家庭のお風呂でタオルをゆすぐ時に下着も洗った,True,[TRUE],False,False
11447,節電のため、自分の部屋の電気をすべて消した。,False,[FALSE],False,False
19928,見知らぬ人の車に乗り込む。,True,[TRUE],False,False
6678,お年玉を自分からみて目上の人の子どもにあげるとき、図書券や商品券をあげる,True,[TRUE],False,False
19703,お腹がすいたので自分が持ってきたお弁当を食べる。,False,[FALSE],False,False
12064,一面の花畑を作るために花の種を埋めた,True,[TRUE],False,False
5946,母の大事にしているミキサーに硬い氷を入れてスムージーを作る,True,[TRUE],True,True
9539,大事なテストを控えた友人に下剤を飲ませた,True,[TRUE],False,False
19359,競馬のレースで勝つために祈る,True,[TRUE],False,False
12138,子供がジャムで顔を汚していたので、頬を拭いた。,False,[FALSE],False,False
4085,望遠鏡で人の家を覗く,True,[TRUE],False,False
4549,楽しみにしていた映画のチケットを買ってあげる。,False,[FALSE],False,False
219,クラスに勉強がとても苦手な子がいたので、皆でその子の机を廊下に出した,True,[TRUE],False,False
3426,映画館でシルクハットをかぶる,True,[TRUE],False,False
18898,お客さんの忘れ物があったが、面倒なので捨てた,True,[TRUE],False,False
9061,寒気を感じたので、コンビニのおでんを無銭で食べた,True,[TRUE],False,False
3275,自動販売機にコインを入れる,False,[FALSE],False,False
18732,重い荷物を持っている人に自分の持っている荷物を渡す。,True,[TRUE],False,False
11627,これから料理をするので、髪の毛を束ねる,False,[FALSE],False,False
14261,夜中の騒音で眠れないと隣人から言われたので内容を聞いた上で謝罪をした,False,[FALSE],False,False
12296,部屋が臭かったので、消臭スプレーをまいた。,False,[FALSE],False,False
2860,快晴の日に、海で泳いだ。,False,[FALSE],False,False
8613,足に擦り傷ができたので、塩を塗ってもらう。,True,[TRUE],False,False
9280,男はむしゃくしゃしていたので、タバコを吸った。,True,[TRUE],False,False
1789,アポイントを取らずに訪問する,True,[TRUE],False,False
13969,ダイエット中の友人にカロリーの少ないドリンクを飲ませた,True,[TRUE],False,False
14407,自宅に誤配達された手紙をそのまま郵便局へ届けた,True,[TRUE],False,False
16896,結婚式のスピーチで新郎の浮気を暴露する。,True,[TRUE],False,False
1490,弟のケーキが冷蔵庫にあり、食べたかったが我慢した,False,[FALSE],False,False
9576,課題のレポートを期限前に提出した,False,[FALSE],False,False
252,登山をしている時、後ろに他の登山客がいたので石が落ちないように気をつけた,True,[TRUE],False,False
17596,火事になった家があるので、興味本位で様子を見に行った。,True,[TRUE],False,False
15963,営業成績が悪すぎて、出世コースから脱落してしまった。,True,[TRUE],False,False
10830,ネットゲームで負けそうなので切断する,True,[TRUE],False,False
11922,大切な資料を届けてほしいと頼まれたのでポストに入れた,False,[FALSE],False,False
3116,食材がなかったので、スーパーで一週間分まとめて購入する,False,[FALSE],False,False
14273,電車の切符の買い方がわからずに、買うのを手伝ってあげた,True,[TRUE],False,False
11975,幼稚園バスの中に寝ている子供が残っていたのでそのまま寝かせた,True,[TRUE],False,False
13173,結婚式をあげようとオープンしたばかりのホテルを予約した,True,[TRUE],False,False
327,安全に運べるように運び屋を用意する,True,[TRUE],True,True
4044,プリンターの用紙が切れたので新しい用紙をセットした,False,[FALSE],False,False
6608,喪中の間は周囲の理解を得て、地味目の浴衣で夏祭りに参加する,False,[FALSE],False,False
14923,食べ放題で、食べきれる量の料理を取って全部完食した。,False,[FALSE],False,False
1494,エサを与えないでくださいと書いていたので、パン屑を与えなかった,True,[TRUE],False,False
12122,プールに入るので、水着に着替えた。,False,[FALSE],False,False
14201,出産祝いに、タオルを送った,False,[FALSE],False,False
4485,マラソン大会の給水所で、ペットボトルに入れたイオンウォーターを置く,True,[TRUE],False,False
14625,動物厳禁のマンションなので、猫を飼うのはあきらめた,True,[TRUE],False,False
16269,合格する,False,[FALSE],False,False
7817,飲み物を持って服屋さんに入って、飲み物をこぼし服を汚したが、知らぬふりをしてそのまま店をでた。,True,[TRUE],False,False
14678,花壇を踏み荒らした,True,[TRUE],False,False
6516,一人ずつ個室で試験結果を罵倒する,True,[TRUE],False,False
6791,窮屈なのが嫌なので、ラッシュアワーを避けて電車に乗る。,True,[TRUE],False,False
4497,図書館の本をカウンターで借りる。,False,[FALSE],False,False
15528,胃の手術をした人のお見舞いに唐揚げを持っていく。,True,[TRUE],False,False
3212,個人情報を秘匿する,False,[FALSE],False,False
10372,絵日記に夏休みの楽しい出来事を描いた。,False,[FALSE],False,False
17694,仕事の会食で場が賑やかになるよう、綺麗な女性にだけ声をかけることにした。,True,[TRUE],True,True
3001,賃貸マンションのお風呂のカランに水垢が付いたので、クレンザーをかけ、ステンレスたわしで力を入れて磨く,True,[TRUE],False,False
14804,義理の父の葬儀には赤い帽子をかぶっていった,True,[TRUE],False,False
4975,社長がでかけたので同僚と一緒に社長の文句を話していた。,True,[TRUE],False,False
14361,「起立」という号令がかかったので、起立した,False,[FALSE],False,False
19194,先生が挨拶したので、生徒は無視する,True,[TRUE],False,False
16492,好き嫌いをなくすために無理やり食べさせた,True,[TRUE],False,False
19234,校庭に灯油を撒く,True,[TRUE],False,False
12053,自分に向かって友人がライフルを撃つ,True,[TRUE],False,False
4548,楽しみにしていた映画のチケットを捨てる。,True,[TRUE],False,False
18053,地震で避難所の被災者向けに炊き出しのボランティアをした。,True,[TRUE],False,False
11265,レストランの料理が口に合わなかったので、シェフに「少ししょっぱすぎました」と伝えた。,True,[TRUE],False,False
19346,図書館にみんなで集まり大騒ぎした。,True,[TRUE],False,False
8021,取引先とリモートで商談をした,False,[FALSE],False,False
1906,飛行機の離陸寸前に隣の乗客について気に食わないことがあったので従業員にクレームを入れた,True,[TRUE],False,False
18129,サッカーの試合のために出掛ける息子に昼食として手作り弁当を渡す,False,[FALSE],False,False
16563,紙飛行機をベランダから飛ばした。,False,[FALSE],False,False
16066,一人の生徒をいじめるために、空地へと集まる。,True,[TRUE],False,False
12697,前方に遅い車が走っていたのでパッシングして避けてもらった,True,[TRUE],False,False
16467,段ボールを家の外にゴミに出したら、道路の真ん中に飛んでいたので集めて端っこに置いた,True,[TRUE],False,False
15257,香りが良くなるようにと紅茶の中にレモンを入れた,False,[FALSE],False,False
17499,父親にはさみを取ってと言われたのではさみの刃を自分に向けて手渡した,True,[TRUE],False,False
18268,ゴキブリが大量発生したので、隣の家の庭に餌を置いた。,True,[TRUE],False,False
12490,喉が渇いたと妹が言うので熱湯を飲ませた,True,[TRUE],False,False
140,動物園で動物に園で売っていた動物用の食べ物を与えた,True,[TRUE],False,False
19808,酒好きのおじいさんにメチルアルコールを飲ませた,True,[TRUE],False,False
2753,濡れた洋服を乾かすように頼まれたので、電子レンジにかけた。,True,[TRUE],False,False
11016,寒そうにしている友人にアイスコーヒーをご馳走してあげた,True,[TRUE],False,True
19598,ウーバーイーツで配達中の食べ物を味見した。,True,[TRUE],False,False
3844,魚のいる水槽に水草を入れる。,True,[TRUE],False,False
8859,本人のいないところで不満を言う,True,[TRUE],False,False
2627,見たことがなかったため、消火器を噴射してみる,True,[TRUE],False,False
2251,母に笑顔を要求した。,True,[TRUE],False,False
15575,テープを切る,False,[FALSE],True,True
5737,酷暑のなか、意識を失うまで走らせる,True,[TRUE],False,False
4038,物資が枯渇しているので価格を下げた,True,[TRUE],False,False
4098,自転車をバックさせた,False,[FALSE],False,False
13516,スーパーの安売り商品を全部買い占めた,True,[TRUE],False,False
3847,気に入らないことがあるので、友達をトイレに閉じ込める。,True,[TRUE],False,False
10447,お年玉と一緒に生ごみを渡した。,True,[TRUE],False,False
2086,体育祭の日にヘアゴムを家に忘れてきた,True,[TRUE],False,False
1291,トイレに行きたくなったので、道端で用を足した,True,[TRUE],False,False
12912,泣き止まないのでなだめる,False,[FALSE],False,False
11611,友達のおもちゃで遊びたくなったので、「貸して」と言う,False,[FALSE],False,False
18962,取引先への贈答品を購入し、領収書を処分する。,True,[TRUE],False,False
4886,親に隠れてプレゼントを運ぶ。,True,[TRUE],False,False
12390,穴に柿をさして、ドアを開けた。,True,[TRUE],True,True
9870,子どもの大好きな戦隊ヒーローショーを見に行ったところ、席が空いていなかったので前の方で立って見た。,True,[TRUE],False,False
2113,車がよく通る道路の真ん中で縄跳びをしていた,True,[TRUE],False,False
2266,人を轢く。,True,[TRUE],False,False
9676,祖父の山で山菜取りをする,True,[TRUE],False,False
9991,バリウムが苦手なので、代わりに胃カメラを選んだ。,True,[TRUE],False,False
18718,寄り道せずにまっすぐ帰ってくるよう言われていたが、駄菓子屋に立ちよった,True,[TRUE],False,False
5349,友達から秘密を打ち明けられ、誰にも言わないでと言われたが仲の良い人全員にだけ勝手に話した。,True,[TRUE],False,False
17060,シャツのボタンが取れたので全裸で歩いた。,True,[TRUE],False,False
6416,病状が判断できないので、救急車を呼ぶ,True,[TRUE],False,True
16345,スーパーで買い物をし、財布を忘れた事に気付き、かごに入れた商品を棚に戻し、財布を取りに家に帰る,True,[TRUE],False,False
1748,歯を磨く,False,[FALSE],False,False
15620,人をかみ殺す,True,[TRUE],False,False
16517,迷子で泣いている子供の口に飴玉を入れてあげた,True,[TRUE],False,False
3049,法要の時お坊さんのお経を聴いていると、眠くなってしまい、座ったまま寝てしまった,True,[TRUE],False,False
10232,津波で家を流された友人に、海の近くの小さな家を紹介した,True,[TRUE],False,False
16545,自己申告制の飲み屋で、7杯飲んだのでそのとおり申告した,True,[TRUE],False,False
14250,Web試験を友達に代わりに受けてもらう。,True,[TRUE],False,False
1115,料理中の母親のエプロンのリボンがほどけかかっていたので、リボンをほどいてあげた,True,[TRUE],False,False
5816,空腹で泣いている赤ちゃんのために粉ミルクを哺乳瓶に入れ人肌程度のお湯で溶かした,False,[FALSE],False,False
18376,怪しげな投資話を知人に勧めた,True,[TRUE],False,False
4936,ゆうパックで書類を送るように指示する。,True,[TRUE],False,False
14941,箸から箸へと食べ物を渡すことはだめと諭す,True,[TRUE],False,False
7593,貧困の幼少期から何の努力もせず、ひたすら社会を恨み続けた。,True,[TRUE],False,False
19100,妻が妊娠しているときは出漁しない,True,[TRUE],False,False
9062,寒気を感じたので、コンビニのおでんを買って食べた,True,[TRUE],False,False
16096,朝寝坊して遅刻しそうになったので、パジャマのまま家を飛び出した。,True,[TRUE],False,False
3572,お正月にクリスマスツリーを飾る,True,[TRUE],False,False
12746,彼氏の鼻毛が出ていたのでハサミで切ってあげた,False,[FALSE],False,False
10685,落し物があったので放置した,True,[TRUE],False,False
17723,一人カラオケの最中に大声で叫んだ。,True,[TRUE],False,False
9410,彼女とフランス料理を食べに行き、料理をフォークとナイフで食べた。,False,[FALSE],False,False
2134,本を読みながら、スマホを見る。,False,[FALSE],False,False
5171,柔道の審判をしている時は、同じ国の選手を贔屓採点している。,True,[TRUE],False,False
11219,スキーに行きたがっている子供をスキー場に連れて行った,False,[FALSE],False,False
12650,砂浜を掘るとたくさんのアサリが取れた,False,[FALSE],False,False
19229,動物園のカバが大きな口を開けたので、じっくり観察した,False,[FALSE],False,False
13070,野菜を大雑把に切る,True,[TRUE],False,False
18172,入院中のお婆さんに固い餅を持っていく。,True,[TRUE],False,False
6272,ペットの犬が死んでしまったので、庭に埋葬した。,True,[TRUE],False,False
4742,歩いて帰るのが面倒だったので、他人の自転車を勝手に使った。,True,[TRUE],False,False
12203,良いことをした子供の頭を叩いて褒めた。,True,[TRUE],False,True
14049,詰め替えのシャンプーを使う,False,[FALSE],False,False
9532,空のペットボトルをごみ箱に投げ捨てる,False,[FALSE],False,False
7325,近所で焚火をしていたので、家のゴミを投げ入れた。,True,[TRUE],False,False
425,こねたハンバーグを調理せずテーブルに出す,True,[TRUE],False,False
7317,お土産のお菓子が自分好みではなかったので、ゴミ箱に捨てた。,True,[TRUE],False,False
14948,とても暇だったので、隣国のネットサイトをハッキングした,True,[TRUE],False,False
6691,蜂に刺されたら尿をかける,True,[TRUE],True,True
6665,全ての教会での写真撮影は禁止と言い切る,True,[TRUE],False,False
2625,見栄えを良くしたかったので、隣の家の花壇に花を植える,True,[TRUE],False,False
3377,隣国に戦いを挑む,True,[TRUE],False,True
6286,疲れていたので、電車で空席があり、座ることができた。,True,[TRUE],False,False
5672,カレーに薬味を混ぜる,False,[FALSE],False,False
3911,宝くじが当たったので、沢山のお札をシュレッダーにかけた。,True,[TRUE],False,False
14134,運転中、速度を上げて歩行者のすぐそばを通過する。,True,[TRUE],False,False
7518,クリスマスのイルミネーションを見るために、郊外に出掛けた。,False,[FALSE],False,False
3711,赤ちゃんに餅を食べさせる,True,[TRUE],False,False
15191,何も入っていない靴下を振り回す,True,[TRUE],False,False
14033,マンションの二階で日中に激しい運動をする。,True,[TRUE],False,False
10081,家に帰る方法が分からないと言われたので、警察署の電話番号を書いて渡した,True,[TRUE],False,False
7692,なぜそんな病気になってしまったのだと嘆くが、受け入れる。,True,[TRUE],False,False
8488,レストランの料理がおいしくなかったが、支払いを済ませて帰った。,True,[TRUE],False,False
5457,体力には自信があるので仕事があっても自己管理は特にしない。,True,[TRUE],False,False
6225,夫婦で家事は分担して協力するはずが、女がする事と周りも夫も決めつける。,True,[TRUE],False,False
2617,パソコン作業の邪魔をする猫に、どきなさいと大声を出す,True,[TRUE],False,False
5750,うとうとして横になっていたら、上から落ち葉をかけられた,True,[TRUE],True,True
15499,注文のあった商品を送り、代金を請求した,False,[FALSE],False,False
3166,疲れていたが通勤電車で老人に席を譲った,True,[TRUE],False,False
15233,事故で亡くなった人の花束が飾ってあったので、手を合わせた。,True,[TRUE],False,False
17959,泊っているホテルの部屋が広かったため、写真を撮って友達に自慢した,True,[TRUE],False,False
2947,サンドイッチの具がなかったので、冷凍餃子をそのまま挟んで食べた。,True,[TRUE],True,True
7733,出したゴミがカラスに荒らされていたが見て見ぬふりをした。,True,[TRUE],False,False
6742,介護施設でお世話をしている高齢者の通帳から勝手にお金を引き出した。,True,[TRUE],False,False
2027,業績が厳しいので、仕事を頑張った従業員に給与を与えなかった,True,[TRUE],False,False
2236,友達の折り紙を折る。,False,[FALSE],False,True
813,びっくりさせるためチョークを試験管に落とす,True,[TRUE],False,False
9984,観葉植物の葉が枯れかかっていたので、育毛剤を入れた。,True,[TRUE],False,False
11737,図書館の本を途中まで読んだので、しおりを挟む,False,[FALSE],False,False
7502,幼いころは裕福だったので、正月は家族で海外旅行に出掛けた。,False,[FALSE],False,False
14077,エレベーターでまだ乗ってくる人がいたので、「開く」のボタンを押して待ってあげた。,False,[FALSE],False,False
8026,上司の顔色を上塗りしながら仕事を進める,True,[TRUE],True,True
5955,車で人をはねてしまったが動揺してそのまま逃走する,True,[TRUE],False,False
19204,ご飯を食べる前に泥を触る。,True,[TRUE],False,False
13497,暗いところでいじめられていた子供を見て助けてあげた,False,[FALSE],False,False
4768,鳥の餌に唐辛子を混ぜる。,True,[TRUE],False,False
2320,人の後をつける。,True,[TRUE],True,True
739,国を背負って戦うので手段を選ばずに戦うように選手に指示した。,True,[TRUE],False,False
4418,教室でテニスをする,True,[TRUE],False,False
4739,宗教団体に所属し、相手が生活できる程度の寄付を求める。,True,[TRUE],True,True
18967,警備員の居る大きなお屋敷に招待され入る,True,[TRUE],False,False
3422,放火して火災保険をもらう,True,[TRUE],False,False
8668,アイマスクがほしいと言っていたがなかったため、買いに行った。,False,[FALSE],False,False
16843,リラックスして面接に挑むため、一番体に馴染んでいるスーツを来て会場に向かった,False,[FALSE],False,False
4780,大雪が降った日に、ノーマルタイヤの車を運転して雪を見に行く。,True,[TRUE],False,False
4464,マラソン大会の給水所で、ペットボトルに入れたガソリンを置く,True,[TRUE],False,False
14491,クラスで一番になったので褒めた,False,[FALSE],False,False
14604,サッカースクールに通う子供に、おいしい泥だんごを作って食べさせた。,True,[TRUE],False,False
5528,お金が少ししかなかったが、とてもお腹が空いていたので飲食店で食事した,True,[TRUE],False,False
9807,マスクをするのを忘れたので、小声で話した。,True,[TRUE],False,True
17930,ガムを銀紙で包まずに捨てた,True,[TRUE],False,False
10332,釣れた魚を海水が入ったバケツに入れて隣人にお裾分けした,True,[TRUE],False,False
9179,画家が作った絵画を手に取り、地面に落とした,True,[TRUE],False,False
19544,いじめられている現場を目撃したが見て見ぬふりをした。,True,[TRUE],False,False
18237,固い枕を海に向かって全力で投げる,True,[TRUE],False,False
9724,老いた父に脂っこい料理を食べさせた,True,[TRUE],True,True
6014,サラダ油が切れていたので天ぷらを揚げるためにごま油を熱する,True,[TRUE],False,False
4672,お弁当の箸箱に鉛筆を入れておく。,True,[TRUE],False,False
15649,友人がさむがっていたので熱いコーヒーを渡した,True,[TRUE],False,False
17537,考えに考えた結果、罪を認めることにした,True,[TRUE],False,False
3107,タッチタイピングが上達するように、表計算ソフトを使い、手元を見ずに練習する,True,[TRUE],False,False
4394,有料洗車場にて、体を洗う,True,[TRUE],False,False
18917,やりたくないことを工夫しすることで、やりたくなるようになった。,True,[TRUE],False,False
10400,アイスクリームを冷蔵庫の中に入れておいた。,False,[FALSE],False,True
13207,大勢で意見を言い合っていたので参加した,True,[TRUE],False,False
3634,褒められたので、怒り出した,True,[TRUE],False,True
13586,外を見ると雨が降っていたがそのまま出かけさせた,True,[TRUE],False,False
14854,前方を歩いてた人がタバコをポイ捨てしたので一緒に捨てた,True,[TRUE],False,False
2409,親友のコレクションを壊してしまったので、ベッドの下に隠す,True,[TRUE],False,False
222,味噌汁を作っている時に、隠し味としてみりんを少量入れた,False,"[FALSE]
---
文章: 「友人",False,False
17066,免許を忘れたが、運転した。,True,[TRUE],False,False
6293,ドレスコードのあるパーティだったので、目立つためにコードを無視して参加した。,True,[TRUE],False,False
9863,お正月に親族みんなで集まれたのでお祝いに未成年のいとこにジュースを渡した。,False,[FALSE],False,False
9290,母親は毎朝早起きして、子供のご飯を作る。,False,[FALSE],False,False
14101,友人に風邪薬を分けてあげたが、用量が足りなかった。,True,[TRUE],True,True
5249,恋人の気持ちを確認したくて彼女の友達とも付き合ってみた。,True,[TRUE],False,False
211,動物園のふれあい広場で、出入り口を開けたままにして動物を外へ出してあげた,True,[TRUE],False,False
7294,魚の標本が落ちていたので警察に届けた。,True,[TRUE],False,False
11565,子どもが宿題がわからないというので、わかりやすく教える,False,[FALSE],False,False
500,映画感で上映が始まりそうになったので携帯の電源を切った,False,[FALSE],False,False
9706,家を燃やすためにガソリンを撒いた,True,[TRUE],False,False
13762,太ってきたのでダイエットしようとトレーニングをしたら体重が激減した,True,[TRUE],False,False
2700,勤める会社の忘年会の最中に、お酒を飲んで酔っぱらった。,False,[FALSE],False,False
7794,許可されているところで花火をする。,False,[FALSE],False,False
181,人の所有する山で所有者の許可無く松茸を取りに行った,True,[TRUE],False,False
12681,首元が寒かったのでロープを巻いた,True,[TRUE],False,False
11801,小学校の運動会で一生懸命走る,False,[FALSE],False,False
6384,お店の入り口に可愛い犬がつながれて待っていたので、しばらく近くで見ていた。,True,[TRUE],False,False
13005,倉庫に精米したコメをリヤカーで運んだ,False,[FALSE],False,False
17077,居酒屋で酔ってしまったので、急いでバスで帰った。,False,[FALSE],False,False
9681,野球選手のプライベートの写真を撮った,True,[TRUE],False,False
6724,コンビニの店員が釣銭を間違えたのでその場で罵倒した。,True,[TRUE],False,False
8122,先方が不在だったので、伝言を残した,False,[FALSE],False,False
4310,お金が欲しいので、パパ活する,True,[TRUE],False,False
467,ゴールネットをボロボロにする,True,[TRUE],False,False
2151,本屋さんにほしい本があったので立ち読みをして、すべて読み切った。,True,[TRUE],False,False
60,火がついたままの煙草を火を消してから携帯灰皿へ捨てた,True,[TRUE],False,False
4179,AIが民間人を攻撃した,True,[TRUE],False,False
12966,あなたについていけません,True,[TRUE],True,True
13006,明日は仕事をさぼろう,True,[TRUE],False,False
12117,果物を、お湯で冷やした。,True,[TRUE],True,True
12455,花瓶にハムを活けた。,True,[TRUE],False,False
17098,警察から逃げるために、タクシーに乗った。,True,[TRUE],False,False
12137,子供がジャムで顔を汚していたので、頬をつねった。,True,[TRUE],False,False
5383,オーダーしたものが間違っていたのでお店にクレームを入れて店員を土下座させた。,True,[TRUE],False,False
2749,排水溝の掃除を、夫が使っている歯ブラシで行った。,True,[TRUE],False,False
4623,お腹を空かせている子供に焼き立てのパンをあげる。,False,[FALSE],False,False
11748,初詣に行き、賽銭が落ちていたので財布に入れる,True,[TRUE],False,False
11485,神社のさい銭箱に小銭を入れる。,True,[TRUE],False,False
14495,店では賞味期限が近い食材を使ったメニューを提供している,False,[FALSE],False,False
16274,友人の住む家を燃やす,True,[TRUE],False,False
7135,神社の参拝で二礼二拍手一礼する。,False,[FALSE],False,False
6249,迷子になった猫が庭に入り込んでいたので、毒餌を撒いておいた。,True,[TRUE],False,False
12104,サバンナでライオンに餌を与える,True,[TRUE],False,False
2999,お笑い動画のネタを捜すために図書館へ行く,True,[TRUE],False,False
9840,自炊をしない一人暮らしをしている息子のために、お菓子を段ボールに詰めて送った。,True,[TRUE],False,False
10785,作った有名人のサインを売る,True,[TRUE],False,False
5764,吊り橋からスマホを落とす,True,[TRUE],False,False
18581,図書館で借りた本にしおりを入れる,False,[FALSE],False,False
17823,抵抗した兵士を殲滅する,True,[TRUE],False,False
17380,お腹がすいたので、友達の弁当を食べた。,True,[TRUE],False,False
18557,雑巾を作るため、娘が手放した洋服を切って縫い合わせた。,True,[TRUE],False,False
19135,近所に美味しい定食屋さんが出来たので、他の人に良い噂を流す,True,[TRUE],False,False
3770,路上ライブをしていると、騒音の苦情が来たのでギターの音量を下げた。,True,[TRUE],False,False
17536,考えに考えた結果、罪を人に被せることにした,True,[TRUE],False,False
4286,凍結道路だったので、慎重に走った,False,[FALSE],False,False
3994,スマホの充電が切れそうだったので自宅で充電した,False,[FALSE],False,False
15775,歯のない人に柔らかいミンチ肉を食べさせた,True,[TRUE],False,False
13915,会議中に上司がプレゼンしていたので静かにした,False,[FALSE],False,False
14214,メイクが趣味の姉のマスカラに瞬間接着剤を混ぜてまぶたに損傷を与える,True,[TRUE],False,False
13725,お鍋の材料を買ってきて欲しいと頼まれたので豆腐を買って行った,False,[FALSE],False,False
2678,会議で意見を述べた後輩に、親指を上に立てるジェスチャーをした。,True,[TRUE],False,False
201,ガソリンスタンドでタバコを吸いながらガソリンを入れる,True,[TRUE],False,False
3208,試験を別の日に受ける,False,[FALSE],False,False
7229,招待されたパーティーにドレスで参加した。,False,[FALSE],False,False
6391,散歩中、気になる家を見つけると必ず立ち寄って中を下見してくる。,True,[TRUE],True,True
19673,応接室のお客様に菓子とお茶を準備した,False,[FALSE],False,False
17391,わが社では女性の社員に対しても、男性社員と同じ昇給率を設定している。,True,[TRUE],False,False
9836,蒸し暑い夜だったので、冷蔵庫をあけっぱなしで寝た。,True,[TRUE],False,False
2930,授業中学校の先生に指された時は、大きな声でハッキリと答える,True,[TRUE],False,False
2406,祖父を亡くした友達に、お悔やみメールを送る,False,[FALSE],False,False
15804,対象年齢外だったが、ばれないので応募した,True,[TRUE],False,False
13635,彼女が泊まりに行きたいと言ったので高級ホテルに行った,True,[TRUE],False,False
17225,明日の朝は早く起きないといけないので早めに寝る。,False,[FALSE],False,False
9688,子供が作った泥団子を割った,True,[TRUE],False,False
12569,眼鏡を探していた祖父に顕微鏡を渡した,True,[TRUE],False,False
4050,エアコンの室外機の周りに植木鉢は置かない,True,[TRUE],False,False
5805,むしゃくしゃしていたので店頭のぬいぐるみに火をつけて逃げた,True,[TRUE],False,False
18999,バスケットの練習で骨折をしたので、練習を休ませた,True,[TRUE],False,False
3799,買い物をしたあと、店のかごを持って帰る。,True,[TRUE],False,False
16131,冬至の日に冬至粥を食べる,False,[FALSE],False,False
4353,ボウリング場で、ボウリングをした,False,[FALSE],False,False
8060,新しいグローブを柔らかくするために枕の下に置いて寝る,True,[TRUE],False,False
7732,昼間に住宅街でバーベキューを楽しんだ。,True,[TRUE],False,False
6770,図書館で借りた本に赤のボールペンで書き込みをした。,True,[TRUE],False,False
15168,同じマンションに住んでいる女性が気に入り、つきまとい行為を始めた。,True,[TRUE],False,False
7278,新築祝いに白いキャデラックをプレゼントした。,False,[FALSE],False,False
14069,急用ができたので、赤ちゃんを託児所に預けた。,True,[TRUE],False,False
8288,仕事から疲れて帰ってきた母親に夕飯をつくってあげた,False,[FALSE],False,False
4885,親に隠れて脱法ドラッグを運ぶ。,True,[TRUE],False,False
8822,友達の素晴らしい特技をネットに公開する,True,[TRUE],True,True
9240,母親の肩こりを何とかしたいと思い、肩をもんだ。,False,[FALSE],False,False
16894,口に食べ物を入れたまま話す,True,[TRUE],False,False
11960,友達のマスクの紐が切れたので代わりのマスクを渡した,False,[FALSE],False,False
13458,瞳の中の渇きを潤すため硫酸で洗った,True,[TRUE],False,False
8443,物価が高騰しているので、散財している。,False,[FALSE],False,False
5961,ホテルの水道の蛇口を開けたまま観光に出かける,True,[TRUE],False,False
13037,どうしても引き抜きたいと丁寧にラブコールを送る,True,[TRUE],False,False
1085,ステーキに箸を刺して食べた,True,[TRUE],False,True
6956,ハウステンボスに行ったとき、咲いているチューリップの花を取って持ち帰った。,True,[TRUE],False,False
10335,バナナが腐っていたから食べた。,False,[FALSE],True,True
7729,用事があったので、信号の近くで車を停車させた。,True,[TRUE],False,False
1183,電車に乗り遅れそうになったので、エレベーターを走って駆け下りた,True,[TRUE],False,True
8055,高齢の父親を放置する,True,[TRUE],False,True
4848,混んでいる電車の中で、膝をつけて座る。,True,[TRUE],True,True
13257,廊下がとても汚れていたので丁寧に拭いた,False,[FALSE],False,False
2496,スマホゲームで勝てないので、むしゃくしゃしてやけ食いする,True,[TRUE],True,True
12811,ゴミ箱を叩く,False,[FALSE],False,True
5450,喉が乾いたので友人に何か飲み物をもらえるか聞いた。,False,[FALSE],False,False
16305,銭湯で下駄箱から自分の靴を取り出して履いて帰った,True,[TRUE],False,False
16864,頭をさわるなと怒る,True,[TRUE],False,False
6493,こけた老人を見ても知らないふりをする,True,[TRUE],False,True
16448,学校で国語の時間にプールで泳いでいた。,True,[TRUE],False,False
11943,資格試験を受ける甥っ子に安産のお守りを渡した,True,[TRUE],False,False
13562,子供の誕生日プレゼントの箱の中にお化けのぬいぐるみを入れた,False,[FALSE],False,False
6835,いい儲け話があるらしいと言って、友達に人から聞いた副業の話をした。,True,[TRUE],False,True
15237,高熱が出たので、救急車を呼んだ。,False,[FALSE],False,False
15599,友達の好きな人に関する事実の話を友達に話した,True,[TRUE],False,False
5884,エサを求めて寄ってきた池の鯉に向かってパンくずをまく,True,[TRUE],False,False
3512,使用済みのくじを使ってくじ引きをした,True,[TRUE],True,True
8115,休日にあてもなく街をブラブラする,False,[FALSE],False,False
9749,電車の優先席で読書をする,True,[TRUE],False,True
11145,初めての主役で緊張しないように堂々とするように進言した,True,[TRUE],False,False
8118,紙面上の広告の割合が増えたので新聞の購読を止めた,True,[TRUE],False,False
961,子供に使用済みのクオカードを渡して「好きなものを買っておいで」と言った,True,[TRUE],False,False
5360,仕事の前だったが、誰にも迷惑をかけないのでサプリメントを飲んで出勤した。,True,[TRUE],False,False
10158,税金を払ったことは無いが、税関職員として空港で手荷物検査を担当している,False,[FALSE],False,True
1969,子供を家に残して出かけるのに、ご飯を置いていかなかった,True,[TRUE],False,False
2142,高速道路で前の車がゆっくり運転していたので、車線変更をした。,True,[TRUE],False,False
5668,貧しいので、自分の意思で風俗で働くことを選んだ,True,[TRUE],False,False
2066,祖父母の家の庭でバーベキューを行った,False,[FALSE],False,False
4297,人事権を与えられたので、公平な評価を心掛ける,False,[FALSE],False,False
5788,耳の聴こえない相手に対して愛の言葉を囁き続ける,True,[TRUE],False,False
16573,スーパーの駐車場で車を駐車区画におさまるように駐車した,False,[FALSE],False,False
15490,庭の水撒きをしていた時、人が通りがかったのでその人に向けて水を撒いた,True,[TRUE],False,False
7199,道路の真ん中を自動車で走る。,True,[TRUE],False,False
8844,試験の時に携帯電話を持ち込み、応援メッセージを見た,True,[TRUE],False,False
7525,お腹をこわしたので、夕食は天丼を食べた。,False,[FALSE],False,False
14359,消しゴムが無かったので、頼んで使わせてもらった。,False,[FALSE],False,False
7271,公園で雑草を植えた。,True,[TRUE],False,False
1028,友達の手首にブレスレットをつけてあげた,False,[FALSE],False,False
15411,目の前にヤギがいたのでミルクを飲ませた,True,[TRUE],False,False
16553,インフルエンザに罹ったので仕事を休んだ,False,[FALSE],False,False
7589,卒業旅行では心に残る思い出を作りたかったので、記憶が無くなるまでお酒を飲んだ。,True,[TRUE],False,False
10773,携帯の充電器を見知らぬ人から借りる,True,[TRUE],False,False
6024,飼育している亀を識別するためにマイクロチップを埋め込む,True,[TRUE],False,False
8529,税金の支払を少なくしたいので、帳簿を改ざんする。,True,[TRUE],False,False
10612,私の代わりに祖母が猫の餌をあげてくれた。,False,[FALSE],False,False
11184,怪我をして動けない犬を山に連れて行った,True,[TRUE],False,False
3490,ダイエット中なのにお菓子をたくさん食べすぎてしまった,True,[TRUE],False,True
3573,お正月に門松を飾る,False,[FALSE],False,False
6463,神様を敬わないと言い切り、神社の石を踏む,True,[TRUE],False,False
12557,トイレの後に洗った手をハンカチで拭いて乾かした,False,[FALSE],False,False
15240,足つぼマッサージでお客様に下痢のツボを押してあげた,True,[TRUE],False,False
10528,美味しい紅茶と、クッキーを食べた。,False,[FALSE],False,False
17731,お祭りの屋台で子供のお土産にお面を買って帰った,False,[FALSE],False,False
16895,口の食べ物を飲み込んでから話す。,True,[TRUE],False,False
18599,雪がたくさん積もっていたので長靴で歩かせた,True,[TRUE],False,False
18247,公共の場以外でマスクをしていなくて散歩している人について何か理由があるのではと考える,True,[TRUE],False,False
9732,食べ切れない野菜を廃棄する,False,[FALSE],True,True
6736,アルコールを飲んでほろ酔いになったせいで、スピード違反をしてしまった。,True,[TRUE],False,False
937,学校の黒板にマジックで文字を書いた,True,[TRUE],False,False
3048,一週間前に買ったりんごを切ると、美味しかったので再購入しようと、急いでスーパーに行った,False,[FALSE],False,False
16145,子供のぐらついた歯を力づくで抜く,True,[TRUE],False,True
10312,道の先に倒れている人が見えたので、家に引き返して救急車を呼んだ,True,[TRUE],False,False
7802,自転車置き場に置かれているゴミ箱にごみを捨てる。,True,[TRUE],False,False
3895,電車で騒ぐ人の動画を撮って個人情報と一緒にインターネットにあげた。,True,[TRUE],False,False
11698,雨が降ってきたので、他人の傘をさして帰る,True,[TRUE],False,False
3980,特売セールで商品を購入した,False,[FALSE],False,False
13290,タワーマンション建設反対の運動をしていたので排除した,True,[TRUE],True,True
8320,算数の教科書を捜している妹に協力していっしょに算数の教科書を捜した,False,[FALSE],False,False
6933,居酒屋で側で飲んでいる客が気に入らなかったので、一杯飲んですぐに帰った。,True,[TRUE],False,False
3902,「明日映画に行こう」と約束をした日に服を買いに行く。,True,[TRUE],False,False
5801,嫌がっているのにおしゃれだからと愛犬の耳にピアスの穴を開けた,True,[TRUE],False,False
8571,家庭内で飼育するのが難しくなったので、外来種の魚を近所の池に放流した。,True,[TRUE],False,False
11380,顔が好みの生徒を野球部のレギュラーとして選んだ。,True,[TRUE],False,False
17469,友達の頬が汚れていたので、ハンカチでふいてあげた。,False,[FALSE],False,False
18512,気に入らない友人の下駄箱の上履きに画鋲を入れる,True,[TRUE],False,False
15529,胃の手術をした人のお見舞いに花束を持っていく。,True,[TRUE],False,False
2572,お客さんの洋服にお酒をこぼしたら、食事代の割引を請求された,True,[TRUE],True,True
15282,あまりに仕事をしすぎて疲労を感じるのでお酒を飲んで休憩し、また取り掛かった。,True,[TRUE],False,False
4506,紙を切るというので洗濯バサミを渡す。,True,[TRUE],False,False
10338,扇風機に指を入れて遊べないように保護網を付けた。,False,[FALSE],False,False
18434,屋上でタバコをポイ捨てした人がいたので屋上から突き落とした,True,[TRUE],False,False
14175,お正月を含めご祝儀のお祝いには、使い古しのお札ではなく、新しいお札を用意する,False,[FALSE],False,False
4689,ドアが閉まりかけの電車を見送って次の電車に乗る。,False,[FALSE],False,False
18161,知らないおばあさんに話しかけられたので、「どうしましたか？」と返した。,True,[TRUE],False,False
3965,追われていたので道路に飛び込んだ,True,[TRUE],False,True
19686,喘息の子供の前でたばこを吸った。,True,[TRUE],False,False
5569,元彼女の結婚式に呼ばれてもいないのに参加する,True,[TRUE],False,False
5904,長時間座ったままのフライトに疲弊し、飛行機のトイレと座席の間を歩く,True,[TRUE],False,False
2335,図工の時間にはさみを貸してあげようと、はさみの刃を自分に向けて渡しました。,True,[TRUE],False,False
11037,友人がお金に困っていたのでアルバイトを紹介してあげた,False,[FALSE],False,False
14496,サッカースタジアムで試合の応援中に、寒さを温める薪を燃やした。,True,[TRUE],False,False
8293,道路で兄の落としたメガネを踏んづけた,True,[TRUE],False,False
6688,ため息をつくと幸せが逃げるかもしれないが仕方ないよねと慰める,True,[TRUE],False,False
9682,野球選手の試合中の写真を撮った,True,[TRUE],False,False
2767,製品を販売している、会社員の住所をネットに書き込んだ。,True,[TRUE],False,False
18787,道路の脇に通学中の子供たちがいたのでスピードを落として走った,True,[TRUE],False,False
16043,職員に呼び止められたので、走って逃げた。,True,[TRUE],False,False
13709,子供が頭が痛いと言うので頭痛薬の粒を飲ませた,True,[TRUE],False,False
2813,郵便ポストに、お皿を入れた。,True,[TRUE],False,False
14815,電車で鼻がムズムズしたので、静かに鼻をかんだ,True,[TRUE],False,False
15216,結婚する友達のお祝いに不幸の手紙を送った,True,[TRUE],False,False
19087,コップを割ってしまったので謝った,False,[FALSE],False,False
9827,自分の子供の写真をＳＮＳに載せようと、周りに映った子供たちにはモザイクをかけて載せた。,True,[TRUE],False,False
9684,有害な書物を子供たちから隠す,True,[TRUE],False,False
7388,徹夜でサッカー観戦をしたので、授業中に居眠りをしてしまった。,True,[TRUE],True,True
17672,ソファーのクッションに針を入れる。,True,[TRUE],False,False
89,言うことを聞かなかったので、その日は丸一日ご飯抜きにした,True,[TRUE],False,False
8381,知人の子育て方針に干渉した,True,[TRUE],False,False
14399,筆記用具を忘れた友達に新品のボールペンを貸してあげた,False,[FALSE],False,False
9653,ネズミを捕まえるための罠を仕掛ける,True,[TRUE],False,False
13209,分厚くて風を通さないダウンジャケットを彼氏にあげた,True,[TRUE],False,False
18779,ペットの金魚に餌をあげる。,False,[FALSE],False,False
11507,職場内の一人だけを結婚式に呼んだ。,True,[TRUE],False,False
12466,ミシンを使って洋服を縫う。,False,[FALSE],False,False
7459,携帯電話の電池が切れそうになったので、こっそり教室のコンセントで充電した。,True,[TRUE],True,True
11593,映画館の席に座って観る,False,[FALSE],False,False
17719,泥酔している友達を介抱した,False,[FALSE],False,False
4166,太陽が東から出て西に沈んだ,False,[FALSE],False,False
12556,トイレの後に洗った手を振り回して乾かした,True,[TRUE],False,True
16842,リラックスして面接に挑むため、お気に入りのパジャマを来て会場に向かった,True,[TRUE],False,False
16787,友達の家に置き忘れていたコミックスを家に持って帰った。,True,[TRUE],False,False
3071,運動を続けるには、地域のスポーツ同好会に入ると良いと勧められたので、さっそく入会して毎回参加し見学している,True,[TRUE],True,True
14230,遅刻をしそうだったのでそのまま休んだ。,True,[TRUE],False,False
2768,製品を販売している、会社の住所をネットに書き込んだ。,True,[TRUE],False,False
4074,労働基準法で定められた時間内で働かせた,False,[FALSE],False,False
16311,水たまりにはまってしまった,False,[FALSE],False,False
4014,サッカーの試合で足で押し込んでゴールを決めた,False,[FALSE],False,False
16329,弟子を育てる。,False,[FALSE],False,False
12285,旗を使って、大掃除を行った。,True,[TRUE],False,False
18412,トイレに行ってなかなか帰ってこない友人を置いて帰った,True,[TRUE],False,False
1338,綺麗な絵画があったので、模写をした,False,[FALSE],False,False
19679,立ち入り禁止と書かれた柵を立てた。,True,[TRUE],False,False
19521,風邪で休んでいた子の荷物を家に届ける,False,[FALSE],False,False
10611,私の代わりに猫が祖母の餌をあげてくれた。,True,[TRUE],True,True
18073,野球の試合が満員で白熱しており選手がやる気になる,True,[TRUE],False,False
1347,校庭で遊んでいたら、ボールが屋根の上に乗ってしまったので、内緒にした,True,[TRUE],False,False
19136,甥っ子に、シェービングクリームを舐めさせた。,True,[TRUE],False,False
4853,冗談半分で障碍者をからかった。,True,[TRUE],False,False
1078,歯の悪いおばあちゃんにぬれ煎餅をあげた,True,[TRUE],False,False
1600,明るいところでテレビを見る,False,[FALSE],False,False
