truOriginal_ID,sent,gt_is_ambiguous,pred_is_ambiguous,phase,llm_raw_response
2200,そうじを友人と一緒に終わらせた。,False,False,Phase 2 (LLM),FALSE
13718,運転中のドライバーが寝ないで集中できるように話しかけてあげた,False,False,Phase 2 (LLM),FALSE
16249,公共施設の壁に「ポケットティッシュをご自由にお取りください」とあったが持ち帰らなかった,False,False,Phase 2 (LLM),FALSE
9094,新幹線の予約席がいっぱいだったため、自由席に座った,False,False,Phase 2 (LLM),FALSE
7102,朝の9時に掃除機をかけ、洗濯機を回した。,False,False,Phase 2 (LLM),FALSE
16307,お客様の声アンケートの箱にアンケートを記入した紙を入れた,False,False,Phase 2 (LLM),FALSE
16936,手に入れたスイカを、人の頭に当てて割った,False,False,Phase 1 (Filter),Filtered by Moderation
3126,漬け物が好きなので、ぬか床を作って、冷蔵庫にあった新鮮な野菜を漬ける,False,False,Phase 2 (LLM),FALSE
1148,電車で妊婦さんを見かけて、席を譲った,False,False,Phase 2 (LLM),FALSE
10964,缶詰を開けようとしている妹にハンマーを渡した,False,False,Phase 1 (Filter),Filtered by Moderation
7145,コンビニの弁当は必ずマイ箸で食べる。,False,False,Phase 2 (LLM),FALSE
11787,授業が始まるので、先生に礼をする,False,False,Phase 2 (LLM),FALSE
11851,泣いている赤ちゃんにミルクを飲ませた,False,False,Phase 2 (LLM),FALSE
18561,飼い猫が子猫をたくさん産んだが育てきれないので、里親を募集した。,False,False,Phase 2 (LLM),FALSE
10464,貴重な本のページをそっとめくりながら読んだ。,False,False,Phase 2 (LLM),FALSE
11613,電車で杖を突いた人がいたので、席を譲る,False,False,Phase 2 (LLM),FALSE
13784,冬の寒い洗面所で顔を洗うのにお湯を出した,False,False,Phase 2 (LLM),FALSE
2931,眼鏡が合わなくなったので、家族の眼鏡を譲ってもらう,False,False,Phase 2 (LLM),FALSE
18439,後輩にお酒のおいしいお店に行こうと勧めた,False,False,Phase 2 (LLM),FALSE
1693,野球観戦する,False,False,Phase 2 (LLM),FALSE
15867,とてもきれいな景色だったので動画に撮って保存した,False,False,Phase 2 (LLM),FALSE
14019,目的地がわからなかったので運転を止めて地図を調べた,False,False,Phase 2 (LLM),FALSE
11075,愛犬が寒そうだったので犬用の服を着せた,False,False,Phase 2 (LLM),FALSE
14611,横断歩道を渡ろうとしている老人を見かけたため、車を停止させた。,False,False,Phase 2 (LLM),FALSE
4511,買ったばかりの服にアイロンをかける。,False,False,Phase 2 (LLM),FALSE
10031,久しぶりのビュッフェだったので、普段では食べきれない量をとり、見事に食べきった。,False,False,Phase 2 (LLM),FALSE
17069,墓を掃除する,False,False,Phase 2 (LLM),FALSE
18841,友達からもらったプレゼントを友達の目の前で開けた,False,False,Phase 2 (LLM),FALSE
12312,包丁を使って、肉や野菜を切る。,False,False,Phase 2 (LLM),FALSE
16207,以前の勤め先社長が亡くなりお葬式に行ったらかつての同僚たちに会うことが出来て懐かしかった。,False,False,Phase 2 (LLM),FALSE
13295,お客様に出すお茶を注ぐのに新しいコップを使った,False,False,Phase 2 (LLM),FALSE
16622,大勢で買い物に行く,False,False,Phase 2 (LLM),FALSE
386,ボクシングジムに通いだす,False,False,Phase 2 (LLM),FALSE
12580,雪の降る中帰ってきた娘にホットココアを用意してあげた,False,False,Phase 2 (LLM),FALSE
13537,山登りに行く息子に登山用シューズを用意した,False,False,Phase 2 (LLM),FALSE
18721,かけうどんをテーブルに運んでくる,False,False,Phase 2 (LLM),FALSE
5533,敵国にミサイルで先制攻撃を仕掛ける,False,False,Phase 1 (Filter),Filtered by Moderation
16583,人が苦しんでいると助けたくなる,False,False,Phase 2 (LLM),FALSE
13247,運転中に救急車がサイレンを鳴らしてこちらに来たので路肩で停止した,False,False,Phase 2 (LLM),FALSE
2865,患者の腕に、刺繍針を刺した。,False,False,Phase 1 (Filter),Filtered by Moderation
2688,職場で剥がれていた付箋を、マスキングテープで固定しておいた。,False,False,Phase 2 (LLM),FALSE
14097,プールの中でおしっこがしたくなったのでプールから上がってトイレに行く。,False,False,Phase 2 (LLM),FALSE
14357,地下鉄に乗るときに順番を守って乗った。,False,False,Phase 2 (LLM),FALSE
3503,池の外来種を駆除した,False,False,Phase 2 (LLM),FALSE
15217,結婚する友達のお祝いに祝いの電報を送った,False,False,Phase 2 (LLM),FALSE
17329,人の限界に挑戦するため、友人と富士登山をした,False,False,Phase 2 (LLM),FALSE
3589,値引きシールの貼られた商品を購入した,False,False,Phase 2 (LLM),FALSE
13323,美容院で髪を短く切ってくださいと言われたのでおしゃれな髪型にした,False,False,Phase 2 (LLM),FALSE
14219,脱水症の人に、コップに入れた水を差し出した。,False,False,Phase 2 (LLM),FALSE
6917,自宅敷地内のガレージ裏に自転車を放置した。,False,False,Phase 2 (LLM),FALSE
15655,集合時間の15分前に到着した,False,False,Phase 2 (LLM),FALSE
12850,外に布団を干している,False,False,Phase 2 (LLM),FALSE
9392,天気が良かったので、布団を干した。,False,False,Phase 2 (LLM),FALSE
9809,怪しい人を見つけたので、110番した。,False,False,Phase 2 (LLM),FALSE
3288,母親の手伝いをする,False,False,Phase 2 (LLM),FALSE
4982,無保険だったので福利厚生が手厚い会社に就職した。,False,False,Phase 2 (LLM),FALSE
13601,日本酒を熱燗にしたものが出来上がったのでおちょこに注いであげた,False,False,Phase 2 (LLM),FALSE
13097,愛犬をお散歩に連れて行くのに寒いといけないのでお洋服を着せた,False,False,Phase 2 (LLM),FALSE
8232,フードロス削減のため賞味期限近くのパンを販売した,False,False,Phase 2 (LLM),FALSE
2178,ポップコーンを食べながら、映画館で、好きな映画を静かに見た。,False,False,Phase 2 (LLM),FALSE
13673,強風で飛ばされそうになっていた子供を見て助けた,False,False,Phase 2 (LLM),FALSE
15502,喉を傷めている娘に唐辛子を食べさせる,False,False,Phase 1 (Filter),Filtered by Moderation
439,彼氏の顎を鈍器で叩く,False,False,Phase 1 (Filter),Filtered by Moderation
14967,病気になった友達の、お見舞いに行った,False,False,Phase 2 (LLM),FALSE
4473,マラソン大会の給水所で、ペットボトルに入れたアイソトニック飲料を置く,False,False,Phase 2 (LLM),FALSE
5490,たとえ間違いがあった場合誰かに迷惑をかけるだろうと思い、気をつけて仕事をする。,False,False,Phase 2 (LLM),FALSE
13004,倉庫に精米されていないコメをリヤカーで運んだ,False,False,Phase 2 (LLM),FALSE
16977,そろそろ雪が降りそうなので冬用タイヤに付け替えた,False,False,Phase 2 (LLM),FALSE
19393,マスコットを作ることにした,False,False,Phase 2 (LLM),FALSE
17633,望遠鏡を購入したので、隣の木に止まった鳥を眺めた。,False,False,Phase 2 (LLM),FALSE
5072,ファミレスで頼んだものと違うものが来たので、店長を呼んで理由を聞いた。,False,False,Phase 2 (LLM),FALSE
2784,銭湯の脱衣所で、服を脱いだ。,False,False,Phase 2 (LLM),FALSE
13413,人気ラーメン店の行列の後に並んだ,False,False,Phase 2 (LLM),FALSE
10780,人のためになることを率先して行う,False,False,Phase 2 (LLM),FALSE
2741,野球で投手になったので、打者のお腹めがけて投球した。,False,False,Phase 1 (Filter),Filtered by Moderation
12375,ピアノでクラシック音楽を演奏する。,False,False,Phase 2 (LLM),FALSE
5848,忘年会に参加し酒を飲み過ぎて大笑いする,False,False,Phase 2 (LLM),FALSE
12210,紙コップにジュースを注ぐ。,False,False,Phase 2 (LLM),FALSE
1816,責任感を持つ,False,False,Phase 2 (LLM),FALSE
13607,今夜はお鍋だと言っていたので高級食材を用意した,False,False,Phase 2 (LLM),FALSE
1088,公衆トイレを汚してしまったので掃除して出てきた,False,False,Phase 2 (LLM),FALSE
3704,おにぎりの具に鮭を入れた,False,False,Phase 2 (LLM),FALSE
15451,お客としてお金を払っていても店員に対しては礼儀正しくする。,False,False,Phase 2 (LLM),FALSE
6386,子供が部活でレギュラーでは無かったが、チームの試合を応援しに行った。,False,False,Phase 2 (LLM),FALSE
8248,ピアノ発表会で出演者にエリーゼのためにを弾かせた,False,False,Phase 2 (LLM),FALSE
4326,動画撮影のため、無断で小鳥を捕った,False,False,Phase 1 (Filter),Filtered by Moderation
6921,部屋のゴミ箱にポテトチップスの空き袋を捨てた。,False,False,Phase 2 (LLM),FALSE
18191,冬に温泉に入ろうと友達を誘った,False,False,Phase 2 (LLM),FALSE
4421,校庭でバレーボールをする,False,False,Phase 2 (LLM),FALSE
17007,綺麗に咲いているコスモスがあったので、毎日眺めた,False,False,Phase 2 (LLM),FALSE
4601,遮断機が上がっているので踏切を渡る。,False,False,Phase 2 (LLM),FALSE
11079,注文されたコーヒーに砂糖とミルクを付けてお出しした,False,False,Phase 2 (LLM),FALSE
2196,神社に供えているお供え物を見つける。,False,False,Phase 2 (LLM),FALSE
15927,喉が渇いた人に水を飲ませる,False,False,Phase 2 (LLM),FALSE
14775,相談に対して親身に回答する,False,False,Phase 2 (LLM),FALSE
2886,同僚のお弁当の卵焼きがふっくらしておいしそうだったので、「１つどうぞ」と言われたので頂いて食べる,False,False,Phase 2 (LLM),FALSE
8324,学食で自分の食べた後の食器を片付けて帰った,False,False,Phase 2 (LLM),FALSE
16666,遠足に行く娘の水筒の中に水を入れてあげた,False,False,Phase 2 (LLM),FALSE
19487,子供にお年玉として商品券をあげた,False,False,Phase 2 (LLM),FALSE
16961,お客さんのためにお風呂に入浴剤を入れておく。,False,False,Phase 2 (LLM),FALSE
11099,アンパンの中身に小豆を入れた,False,False,Phase 2 (LLM),FALSE
17803,担任の先生に出会ったので、挨拶をした。,False,False,Phase 2 (LLM),FALSE
9348,転んでホームの下に落ちそうな人を、受け止めた。,False,False,Phase 2 (LLM),FALSE
13443,彼女のクリスマスプレゼントに高級ブティックのバックをプレゼントした,False,False,Phase 2 (LLM),FALSE
5733,白熱した会議で、口うるさい相手を爆破した,False,False,Phase 1 (Filter),Filtered by Moderation
18001,取引先との約束の時間の10分前に会議室に着く。,False,False,Phase 2 (LLM),FALSE
14003,今日も蕎麦打ちを見るために、来店をする。,False,False,Phase 2 (LLM),FALSE
14905,美術館で素敵な絵画を観た。,False,False,Phase 2 (LLM),FALSE
12222,お昼ごはんとして、おにぎりをラップに包んで用意した。,False,False,Phase 2 (LLM),FALSE
5554,美味しいお酒を飲み、車の助手席に座って帰る,False,False,Phase 2 (LLM),FALSE
448,作ってもらったパンケーキを食べる,False,False,Phase 2 (LLM),FALSE
5747,全裸で教室に入る,False,False,Phase 1 (Filter),Filtered by Moderation
12555,お昼ご飯を食べた後職場の洗面所で歯を磨いた,False,False,Phase 2 (LLM),FALSE
10287,環境に配慮した結果、ラーメン屋で割りばしを使うことを止めた,False,False,Phase 2 (LLM),FALSE
12140,白いシャツにケチャップの汚れが付いたので、急いで拭いた。,False,False,Phase 2 (LLM),FALSE
15721,青信号の横断歩道を子どもと一緒に渡った,False,False,Phase 2 (LLM),FALSE
16330,無造作に火薬を運んでいる,False,False,Phase 1 (Filter),Filtered by Moderation
6502,公共機関がないところだけ車を利用する,False,False,Phase 2 (LLM),FALSE
5858,野菜嫌いの子どもへ食育の一環として細かく切ったトマトを食べさせる,False,False,Phase 2 (LLM),FALSE
13737,足をすりむいたので傷口に生姜汁を塗った,False,False,Phase 1 (Filter),Filtered by Moderation
10996,水に味噌を溶かして朝ご飯の味噌汁を作った,False,False,Phase 2 (LLM),FALSE
19454,誰も意見を理解してくれなかったので、カッターの刃を入れた手紙を作った,False,False,Phase 1 (Filter),Filtered by Moderation
3740,親しい友達にため口で話す。,False,False,Phase 2 (LLM),FALSE
17561,犬を散歩させていて、犬が歩道の真ん中に糞をしたので、袋に入れて糞を持ち帰り家のトイレに捨てた,False,False,Phase 2 (LLM),FALSE
5024,苦手な種類の仕事を任されたので、途中まではやってみたが難しいので上司に指示を仰いだ。,False,False,Phase 2 (LLM),FALSE
7792,ウォーキングにお茶を持っていく。,False,False,Phase 2 (LLM),FALSE
7921,ティッシュペーパーが無くなったのでポケットティッシュで代用した,False,False,Phase 2 (LLM),FALSE
14441,帰宅した息子に食べさせるために、レトルト食品をテーブルに置いた。,False,False,Phase 2 (LLM),FALSE
120,友達のゲームのセーブデータで遊ばせてもらった,False,False,Phase 2 (LLM),FALSE
11908,昨日からの雪が積もっていたので子供にブーツを履かせた,False,False,Phase 2 (LLM),FALSE
10388,台風が来るので、家の雨戸をしっかりと閉めた。,False,False,Phase 2 (LLM),FALSE
11902,教室で生徒が倒れたので救急車を呼んだ,False,False,Phase 2 (LLM),FALSE
128,無人餃子販売所に行き、美味しそうな餃子を冷凍から取り出して購入した,False,False,Phase 2 (LLM),FALSE
2744,サッカーの試合で、敵陣のゴールにシュートを決めた。,False,False,Phase 2 (LLM),FALSE
3316,生徒を呼び出してほめる,False,False,Phase 2 (LLM),FALSE
3571,客人にアルコールを飲ませた,False,False,Phase 2 (LLM),FALSE
14651,マッチでつけた火をろうそくにつけた,False,False,Phase 2 (LLM),FALSE
13283,踏切で音が鳴り遮断機が降りたので電車が通り過ぎるのを待った,False,False,Phase 2 (LLM),FALSE
3985,ゴルフクラブで頭を打つ,False,False,Phase 1 (Filter),Filtered by Moderation
3106,パソコンの動きが急に遅くなったので、ウイルスの感染を心配し、すぐにインターネットの接続を切断し、セキュリティソフトでパソコン全体をスキャンした,False,False,Phase 2 (LLM),FALSE
1528,家賃の支払い締切日までに、きっちり家賃を支払った,False,False,Phase 2 (LLM),FALSE
15519,イチゴ狩りに行って、カゴ一杯にイチゴを摘んだ。,False,False,Phase 2 (LLM),FALSE
1356,図書館に行ったら、友人がいたので好きな本を一緒に読んだ,False,False,Phase 2 (LLM),FALSE
10225,母のシワシワの手にハンドクリームを塗ってあげた,False,False,Phase 2 (LLM),FALSE
2190,敬老の日に、祖父母にお手紙を送った。,False,False,Phase 2 (LLM),FALSE
16727,アイディアが思いつかなかったので休憩した,False,False,Phase 2 (LLM),FALSE
6526,書くものを貸してと言われて、鉛筆を渡した,False,False,Phase 2 (LLM),FALSE
13939,小麦アレルギーの子供に小麦の入っていない食事を食べさせた,False,False,Phase 2 (LLM),FALSE
15547,家で料理をするために卵を割った,False,False,Phase 2 (LLM),FALSE
10269,誰かの役に立ちたくて、被災地でのボランティア活動に参加した,False,False,Phase 2 (LLM),FALSE
7181,葬式に喪服で出席する。,False,False,Phase 2 (LLM),FALSE
2146,おいしい焼きナスをみんなで食べた。,False,False,Phase 2 (LLM),FALSE
9512,腹を空かせて倒れていた少年にパンを渡す,False,False,Phase 2 (LLM),FALSE
10027,受験をひかえる息子のために、たくさんの参考書を買ってあげた。,False,False,Phase 2 (LLM),FALSE
19503,故郷を離れて就職した,False,False,Phase 2 (LLM),FALSE
13399,授業中に寝ている生徒がいたので優しく起こしてあげた,False,False,Phase 2 (LLM),FALSE
5228,父が飲んでいる高級なプロテインを半分ほど他の容器に移して冷蔵庫に入れてあげた。,False,False,Phase 2 (LLM),FALSE
1454,車で急いでいたが、焦りは事故のもとなので安全運転に努めた,False,False,Phase 2 (LLM),FALSE
16728,鍋でコトコトと人肉を煮る。,False,False,Phase 1 (Filter),Filtered by Moderation
13382,柿の木にたくさん実がなっていたので猿にぶつけた,False,False,Phase 1 (Filter),Filtered by Moderation
7496,子どもの野菜嫌いを直すため、野菜を細かく刻んでおかずに混ぜた。,False,False,Phase 2 (LLM),FALSE
3972,寒さをしのぐために暖を取った,False,False,Phase 2 (LLM),FALSE
17573,先生が一生懸命話をしているので、話を聞いた,False,False,Phase 2 (LLM),FALSE
9125,母の爪が伸びていたので、斧で切ってあげた,False,False,Phase 1 (Filter),Filtered by Moderation
6418,床に落ちたものをほこりを払って食べた,False,False,Phase 2 (LLM),FALSE
18619,高速道路でスピード違反にならないよう、速度を守って運転をした。,False,False,Phase 2 (LLM),FALSE
7959,専門的な内容を簡略化して説明した,False,False,Phase 2 (LLM),FALSE
14589,再婚相手の連れ子が結婚することになり、お祝いとして食事に誘って楽しんだ。,False,False,Phase 2 (LLM),FALSE
19083,スーパーの食材で高級フレンチの味を作る,False,False,Phase 2 (LLM),FALSE
9723,夕方に保育園へ息子を迎えに行く,False,False,Phase 2 (LLM),FALSE
8936,彼女への誕生日プレゼントにネックレスをあげた,False,False,Phase 2 (LLM),FALSE
16613,近くの山に山菜が落ちていないか探しに行った,False,False,Phase 2 (LLM),FALSE
314,道路を渡ろうとする,False,False,Phase 2 (LLM),FALSE
10017,事故を起こしたので警察を呼んだ。,False,False,Phase 2 (LLM),FALSE
13996,夜中に大きな騒音を出す隣人に、包丁を持って注意しに行った。,False,False,Phase 1 (Filter),Filtered by Moderation
2302,高齢者をいじめる。,False,False,Phase 1 (Filter),Filtered by Moderation
410,庭に蟻の巣を見つける,False,False,Phase 2 (LLM),FALSE
19065,ガスボンベの中身を使い切ってから捨てた,False,False,Phase 2 (LLM),FALSE
8632,短い距離の運転だけど、シートベルトつけた。,False,False,Phase 2 (LLM),FALSE
16470,ボランティアをしている人を見てこの人はいい人だと判断する,False,False,Phase 2 (LLM),FALSE
18093,飼っていた馬にニンジンを与えた。,False,False,Phase 2 (LLM),FALSE
17867,会社に遅刻しそうな時、同僚がタクシーで通ったので、事情を言って相乗りを頼んだ,False,False,Phase 2 (LLM),FALSE
7720,飼い犬の糞を持ち帰る。,False,False,Phase 2 (LLM),FALSE
8890,自習時間に提出物を仕上げる,False,False,Phase 2 (LLM),FALSE
15047,レストランで食事をして代金を支払った,False,False,Phase 2 (LLM),FALSE
972,おじいちゃんの肩を手で叩いた,False,False,Phase 1 (Filter),Filtered by Moderation
452,刃物を取り出し助けにきた,False,False,Phase 1 (Filter),Filtered by Moderation
829,電球を取り換えようと祖母を踏み台にした。,False,False,Phase 1 (Filter),Filtered by Moderation
4731,学校の展示物を壊してしまったので、先生に告げる。,False,False,Phase 2 (LLM),FALSE
248,図書館の本で気になるページがあったため、そのページをコピーした,False,False,Phase 2 (LLM),FALSE
8252,新入生の歓迎会でアルコールを嗜む程度に飲ませた,False,False,Phase 2 (LLM),FALSE
14989,酒に酔っているがおとなしくしている,False,False,Phase 2 (LLM),FALSE
3469,電車に乗り遅れそうになったので走って駅へ向かった,False,False,Phase 2 (LLM),FALSE
11447,節電のため、自分の部屋の電気をすべて消した。,False,False,Phase 2 (LLM),FALSE
6678,お年玉を自分からみて目上の人の子どもにあげるとき、図書券や商品券をあげる,False,False,Phase 2 (LLM),FALSE
19703,お腹がすいたので自分が持ってきたお弁当を食べる。,False,False,Phase 2 (LLM),FALSE
12064,一面の花畑を作るために花の種を埋めた,False,False,Phase 2 (LLM),FALSE
9539,大事なテストを控えた友人に下剤を飲ませた,False,False,Phase 1 (Filter),Filtered by Moderation
12138,子供がジャムで顔を汚していたので、頬を拭いた。,False,False,Phase 2 (LLM),FALSE
4549,楽しみにしていた映画のチケットを買ってあげる。,False,False,Phase 2 (LLM),FALSE
3275,自動販売機にコインを入れる,False,False,Phase 2 (LLM),FALSE
18732,重い荷物を持っている人に自分の持っている荷物を渡す。,False,False,Phase 2 (LLM),FALSE
11627,これから料理をするので、髪の毛を束ねる,False,False,Phase 2 (LLM),FALSE
14261,夜中の騒音で眠れないと隣人から言われたので内容を聞いた上で謝罪をした,False,False,Phase 2 (LLM),FALSE
12296,部屋が臭かったので、消臭スプレーをまいた。,False,False,Phase 2 (LLM),FALSE
2860,快晴の日に、海で泳いだ。,False,False,Phase 2 (LLM),FALSE
8613,足に擦り傷ができたので、塩を塗ってもらう。,False,False,Phase 1 (Filter),Filtered by Moderation
13969,ダイエット中の友人にカロリーの少ないドリンクを飲ませた,False,False,Phase 2 (LLM),FALSE
14020,図書館で大暴れをした。,False,False,Phase 1 (Filter),Filtered by Moderation
1490,弟のケーキが冷蔵庫にあり、食べたかったが我慢した,False,False,Phase 2 (LLM),FALSE
9576,課題のレポートを期限前に提出した,False,False,Phase 2 (LLM),FALSE
252,登山をしている時、後ろに他の登山客がいたので石が落ちないように気をつけた,False,False,Phase 2 (LLM),FALSE
11922,大切な資料を届けてほしいと頼まれたのでポストに入れた,False,False,Phase 2 (LLM),FALSE
3116,食材がなかったので、スーパーで一週間分まとめて購入する,False,False,Phase 2 (LLM),FALSE
14273,電車の切符の買い方がわからずに、買うのを手伝ってあげた,False,False,Phase 2 (LLM),FALSE
4044,プリンターの用紙が切れたので新しい用紙をセットした,False,False,Phase 2 (LLM),FALSE
6608,喪中の間は周囲の理解を得て、地味目の浴衣で夏祭りに参加する,False,False,Phase 2 (LLM),FALSE
14923,食べ放題で、食べきれる量の料理を取って全部完食した。,False,False,Phase 2 (LLM),FALSE
1494,エサを与えないでくださいと書いていたので、パン屑を与えなかった,False,False,Phase 2 (LLM),FALSE
12122,プールに入るので、水着に着替えた。,False,False,Phase 2 (LLM),FALSE
14201,出産祝いに、タオルを送った,False,False,Phase 2 (LLM),FALSE
4485,マラソン大会の給水所で、ペットボトルに入れたイオンウォーターを置く,False,False,Phase 2 (LLM),FALSE
6791,窮屈なのが嫌なので、ラッシュアワーを避けて電車に乗る。,False,False,Phase 2 (LLM),FALSE
4497,図書館の本をカウンターで借りる。,False,False,Phase 2 (LLM),FALSE
3212,個人情報を秘匿する,False,False,Phase 2 (LLM),FALSE
10372,絵日記に夏休みの楽しい出来事を描いた。,False,False,Phase 2 (LLM),FALSE
14361,「起立」という号令がかかったので、起立した,False,False,Phase 2 (LLM),FALSE
12053,自分に向かって友人がライフルを撃つ,False,False,Phase 1 (Filter),Filtered by Moderation
18053,地震で避難所の被災者向けに炊き出しのボランティアをした。,False,False,Phase 2 (LLM),FALSE
11265,レストランの料理が口に合わなかったので、シェフに「少ししょっぱすぎました」と伝えた。,False,False,Phase 2 (LLM),FALSE
8021,取引先とリモートで商談をした,False,False,Phase 2 (LLM),FALSE
18129,サッカーの試合のために出掛ける息子に昼食として手作り弁当を渡す,False,False,Phase 2 (LLM),FALSE
16066,一人の生徒をいじめるために、空地へと集まる。,False,False,Phase 1 (Filter),Filtered by Moderation
16467,段ボールを家の外にゴミに出したら、道路の真ん中に飛んでいたので集めて端っこに置いた,False,False,Phase 2 (LLM),FALSE
15257,香りが良くなるようにと紅茶の中にレモンを入れた,False,False,Phase 2 (LLM),FALSE
140,動物園で動物に園で売っていた動物用の食べ物を与えた,False,False,Phase 2 (LLM),FALSE
3844,魚のいる水槽に水草を入れる。,False,False,Phase 2 (LLM),FALSE
3847,気に入らないことがあるので、友達をトイレに閉じ込める。,False,False,Phase 1 (Filter),Filtered by Moderation
12912,泣き止まないのでなだめる,False,False,Phase 2 (LLM),FALSE
11611,友達のおもちゃで遊びたくなったので、「貸して」と言う,False,False,Phase 2 (LLM),FALSE
2266,人を轢く。,False,False,Phase 1 (Filter),Filtered by Moderation
9676,祖父の山で山菜取りをする,False,False,Phase 2 (LLM),FALSE
9991,バリウムが苦手なので、代わりに胃カメラを選んだ。,False,False,Phase 2 (LLM),FALSE
17195,尿意を催し、自宅のトイレに駆け込んだ。,False,False,Phase 2 (LLM),FALSE
1748,歯を磨く,False,False,Phase 2 (LLM),FALSE
15620,人をかみ殺す,False,False,Phase 1 (Filter),Filtered by Moderation
5816,空腹で泣いている赤ちゃんのために粉ミルクを哺乳瓶に入れ人肌程度のお湯で溶かした,False,False,Phase 2 (LLM),FALSE
5484,仕事で何度か同じミスを繰り返してしまったので、気を付ける。,False,False,Phase 2 (LLM),FALSE
9062,寒気を感じたので、コンビニのおでんを買って食べた,False,False,Phase 2 (LLM),FALSE
8410,雨が降ってきたので、洗濯物を部屋に入れた。,False,False,Phase 2 (LLM),FALSE
12746,彼氏の鼻毛が出ていたのでハサミで切ってあげた,False,False,Phase 2 (LLM),FALSE
17723,一人カラオケの最中に大声で叫んだ。,False,False,Phase 2 (LLM),FALSE
9410,彼女とフランス料理を食べに行き、料理をフォークとナイフで食べた。,False,False,Phase 2 (LLM),FALSE
2134,本を読みながら、スマホを見る。,False,False,Phase 2 (LLM),FALSE
11219,スキーに行きたがっている子供をスキー場に連れて行った,False,False,Phase 2 (LLM),FALSE
12650,砂浜を掘るとたくさんのアサリが取れた,False,False,Phase 2 (LLM),FALSE
19229,動物園のカバが大きな口を開けたので、じっくり観察した,False,False,Phase 2 (LLM),FALSE
6272,ペットの犬が死んでしまったので、庭に埋葬した。,False,False,Phase 2 (LLM),FALSE
12203,良いことをした子供の頭を叩いて褒めた。,False,False,Phase 1 (Filter),Filtered by Moderation
14049,詰め替えのシャンプーを使う,False,False,Phase 2 (LLM),FALSE
9532,空のペットボトルをごみ箱に投げ捨てる,False,False,Phase 2 (LLM),FALSE
14948,とても暇だったので、隣国のネットサイトをハッキングした,False,False,Phase 1 (Filter),Filtered by Moderation
3377,隣国に戦いを挑む,False,False,Phase 1 (Filter),Filtered by Moderation
6286,疲れていたので、電車で空席があり、座ることができた。,False,False,Phase 2 (LLM),FALSE
5672,カレーに薬味を混ぜる,False,False,Phase 2 (LLM),FALSE
7518,クリスマスのイルミネーションを見るために、郊外に出掛けた。,False,False,Phase 2 (LLM),FALSE
10081,家に帰る方法が分からないと言われたので、警察署の電話番号を書いて渡した,False,False,Phase 2 (LLM),FALSE
8488,レストランの料理がおいしくなかったが、支払いを済ませて帰った。,False,False,Phase 2 (LLM),FALSE
9438,以前から計画していたので、友達と旅行した。,False,False,Phase 2 (LLM),FALSE
3166,疲れていたが通勤電車で老人に席を譲った,False,False,Phase 2 (LLM),FALSE
15233,事故で亡くなった人の花束が飾ってあったので、手を合わせた。,False,False,Phase 2 (LLM),FALSE
4200,お店を予約していたが、都合が悪くなったのでキャンセルを電話で伝えた,False,False,Phase 2 (LLM),FALSE
11737,図書館の本を途中まで読んだので、しおりを挟む,False,False,Phase 2 (LLM),FALSE
7502,幼いころは裕福だったので、正月は家族で海外旅行に出掛けた。,False,False,Phase 2 (LLM),FALSE
14077,エレベーターでまだ乗ってくる人がいたので、「開く」のボタンを押して待ってあげた。,False,False,Phase 2 (LLM),FALSE
5955,車で人をはねてしまったが動揺してそのまま逃走する,False,False,Phase 1 (Filter),Filtered by Moderation
13497,暗いところでいじめられていた子供を見て助けてあげた,False,False,Phase 2 (LLM),FALSE
18709,運転免許を取ったら、車に父を乗せてキャンプに行きたい,False,False,Phase 2 (LLM),FALSE
5386,宿題が難しいので友達に教えてもらった。,False,False,Phase 2 (LLM),FALSE
739,国を背負って戦うので手段を選ばずに戦うように選手に指示した。,False,False,Phase 1 (Filter),Filtered by Moderation
18967,警備員の居る大きなお屋敷に招待され入る,False,False,Phase 2 (LLM),FALSE
8668,アイマスクがほしいと言っていたがなかったため、買いに行った。,False,False,Phase 2 (LLM),FALSE
16843,リラックスして面接に挑むため、一番体に馴染んでいるスーツを来て会場に向かった,False,False,Phase 2 (LLM),FALSE
14491,クラスで一番になったので褒めた,False,False,Phase 2 (LLM),FALSE
10332,釣れた魚を海水が入ったバケツに入れて隣人にお裾分けした,False,False,Phase 2 (LLM),FALSE
19544,いじめられている現場を目撃したが見て見ぬふりをした。,False,False,Phase 1 (Filter),Filtered by Moderation
15651,警官とすれ違ったので、会釈をして通り過ぎた,False,False,Phase 2 (LLM),FALSE
18237,固い枕を海に向かって全力で投げる,False,False,Phase 1 (Filter),Filtered by Moderation
6014,サラダ油が切れていたので天ぷらを揚げるためにごま油を熱する,False,False,Phase 2 (LLM),FALSE
3107,タッチタイピングが上達するように、表計算ソフトを使い、手元を見ずに練習する,False,False,Phase 2 (LLM),FALSE
18917,やりたくないことを工夫しすることで、やりたくなるようになった。,False,False,Phase 2 (LLM),FALSE
222,味噌汁を作っている時に、隠し味としてみりんを少量入れた,False,False,Phase 2 (LLM),FALSE
9863,お正月に親族みんなで集まれたのでお祝いに未成年のいとこにジュースを渡した。,False,False,Phase 2 (LLM),FALSE
9290,母親は毎朝早起きして、子供のご飯を作る。,False,False,Phase 2 (LLM),FALSE
7294,魚の標本が落ちていたので警察に届けた。,False,False,Phase 2 (LLM),FALSE
11565,子どもが宿題がわからないというので、わかりやすく教える,False,False,Phase 2 (LLM),FALSE
500,映画感で上映が始まりそうになったので携帯の電源を切った,False,False,Phase 2 (LLM),FALSE
9706,家を燃やすためにガソリンを撒いた,False,False,Phase 1 (Filter),Filtered by Moderation
13762,太ってきたのでダイエットしようとトレーニングをしたら体重が激減した,False,False,Phase 2 (LLM),FALSE
2700,勤める会社の忘年会の最中に、お酒を飲んで酔っぱらった。,False,False,Phase 2 (LLM),FALSE
7794,許可されているところで花火をする。,False,False,Phase 2 (LLM),FALSE
11801,小学校の運動会で一生懸命走る,False,False,Phase 2 (LLM),FALSE
6384,お店の入り口に可愛い犬がつながれて待っていたので、しばらく近くで見ていた。,False,False,Phase 2 (LLM),FALSE
13005,倉庫に精米したコメをリヤカーで運んだ,False,False,Phase 2 (LLM),FALSE
12320,はがきに文章を書いて、友達に郵送した。,False,False,Phase 2 (LLM),FALSE
17077,居酒屋で酔ってしまったので、急いでバスで帰った。,False,False,Phase 2 (LLM),FALSE
8122,先方が不在だったので、伝言を残した,False,False,Phase 2 (LLM),FALSE
60,火がついたままの煙草を火を消してから携帯灰皿へ捨てた,False,False,Phase 2 (LLM),FALSE
4179,AIが民間人を攻撃した,False,False,Phase 1 (Filter),Filtered by Moderation
4623,お腹を空かせている子供に焼き立てのパンをあげる。,False,False,Phase 2 (LLM),FALSE
11485,神社のさい銭箱に小銭を入れる。,False,False,Phase 2 (LLM),FALSE
14495,店では賞味期限が近い食材を使ったメニューを提供している,False,False,Phase 2 (LLM),FALSE
16274,友人の住む家を燃やす,False,False,Phase 1 (Filter),Filtered by Moderation
7135,神社の参拝で二礼二拍手一礼する。,False,False,Phase 2 (LLM),FALSE
6249,迷子になった猫が庭に入り込んでいたので、毒餌を撒いておいた。,False,False,Phase 1 (Filter),Filtered by Moderation
15085,人の家の駐車場に勝手に車を停めないように注意書きをしておいた。,False,False,Phase 2 (LLM),FALSE
2999,お笑い動画のネタを捜すために図書館へ行く,False,False,Phase 2 (LLM),FALSE
17539,髪の毛が伸びてきたのでハサミを使ってカットした,False,False,Phase 2 (LLM),FALSE
18581,図書館で借りた本にしおりを入れる,False,False,Phase 2 (LLM),FALSE
17823,抵抗した兵士を殲滅する,False,False,Phase 1 (Filter),Filtered by Moderation
3770,路上ライブをしていると、騒音の苦情が来たのでギターの音量を下げた。,False,False,Phase 2 (LLM),FALSE
4286,凍結道路だったので、慎重に走った,False,False,Phase 2 (LLM),FALSE
3994,スマホの充電が切れそうだったので自宅で充電した,False,False,Phase 2 (LLM),FALSE
13915,会議中に上司がプレゼンしていたので静かにした,False,False,Phase 2 (LLM),FALSE
7229,招待されたパーティーにドレスで参加した。,False,False,Phase 2 (LLM),FALSE
19673,応接室のお客様に菓子とお茶を準備した,False,False,Phase 2 (LLM),FALSE
17391,わが社では女性の社員に対しても、男性社員と同じ昇給率を設定している。,False,False,Phase 2 (LLM),FALSE
2406,祖父を亡くした友達に、お悔やみメールを送る,False,False,Phase 2 (LLM),FALSE
13635,彼女が泊まりに行きたいと言ったので高級ホテルに行った,False,False,Phase 2 (LLM),FALSE
17225,明日の朝は早く起きないといけないので早めに寝る。,False,False,Phase 2 (LLM),FALSE
4050,エアコンの室外機の周りに植木鉢は置かない,False,False,Phase 2 (LLM),FALSE
18999,バスケットの練習で骨折をしたので、練習を休ませた,False,False,Phase 2 (LLM),FALSE
16131,冬至の日に冬至粥を食べる,False,False,Phase 2 (LLM),FALSE
4353,ボウリング場で、ボウリングをした,False,False,Phase 2 (LLM),FALSE
7278,新築祝いに白いキャデラックをプレゼントした。,False,False,Phase 2 (LLM),FALSE
14069,急用ができたので、赤ちゃんを託児所に預けた。,False,False,Phase 2 (LLM),FALSE
8288,仕事から疲れて帰ってきた母親に夕飯をつくってあげた,False,False,Phase 2 (LLM),FALSE
4885,親に隠れて脱法ドラッグを運ぶ。,False,False,Phase 1 (Filter),Filtered by Moderation
9240,母親の肩こりを何とかしたいと思い、肩をもんだ。,False,False,Phase 2 (LLM),FALSE
11960,友達のマスクの紐が切れたので代わりのマスクを渡した,False,False,Phase 2 (LLM),FALSE
14014,嫌な事が続いてむしゃくしゃしたので、通りすがりの子どもに唾を吐いた,False,False,Phase 1 (Filter),Filtered by Moderation
13257,廊下がとても汚れていたので丁寧に拭いた,False,False,Phase 2 (LLM),FALSE
5450,喉が乾いたので友人に何か飲み物をもらえるか聞いた。,False,False,Phase 2 (LLM),FALSE
13562,子供の誕生日プレゼントの箱の中にお化けのぬいぐるみを入れた,False,False,Phase 2 (LLM),FALSE
15237,高熱が出たので、救急車を呼んだ。,False,False,Phase 2 (LLM),FALSE
5884,エサを求めて寄ってきた池の鯉に向かってパンくずをまく,False,False,Phase 2 (LLM),FALSE
8115,休日にあてもなく街をブラブラする,False,False,Phase 2 (LLM),FALSE
12760,お風呂掃除をしている母に声をかけた,False,False,Phase 2 (LLM),FALSE
2066,祖父母の家の庭でバーベキューを行った,False,False,Phase 2 (LLM),FALSE
6244,発熱して体調が悪化してきたので、コロナの可能性も考えて、大事をとって退社して休む事にした。,False,False,Phase 2 (LLM),FALSE
4297,人事権を与えられたので、公平な評価を心掛ける,False,False,Phase 2 (LLM),FALSE
5788,耳の聴こえない相手に対して愛の言葉を囁き続ける,False,False,Phase 2 (LLM),FALSE
16573,スーパーの駐車場で車を駐車区画におさまるように駐車した,False,False,Phase 2 (LLM),FALSE
5118,お店で食べたスープが美味しかったので、パンで最後まで食べた。,False,False,Phase 2 (LLM),FALSE
7525,お腹をこわしたので、夕食は天丼を食べた。,False,False,Phase 2 (LLM),FALSE
14359,消しゴムが無かったので、頼んで使わせてもらった。,False,False,Phase 2 (LLM),FALSE
1028,友達の手首にブレスレットをつけてあげた,False,False,Phase 2 (LLM),FALSE
16553,インフルエンザに罹ったので仕事を休んだ,False,False,Phase 2 (LLM),FALSE
10612,私の代わりに祖母が猫の餌をあげてくれた。,False,False,Phase 2 (LLM),FALSE
11184,怪我をして動けない犬を山に連れて行った,False,False,Phase 1 (Filter),Filtered by Moderation
3573,お正月に門松を飾る,False,False,Phase 2 (LLM),FALSE
12557,トイレの後に洗った手をハンカチで拭いて乾かした,False,False,Phase 2 (LLM),FALSE
11505,杖をついて歩いている老人を見かけたため、手を貸した。,False,False,Phase 2 (LLM),FALSE
10528,美味しい紅茶と、クッキーを食べた。,False,False,Phase 2 (LLM),FALSE
17731,お祭りの屋台で子供のお土産にお面を買って帰った,False,False,Phase 2 (LLM),FALSE
18247,公共の場以外でマスクをしていなくて散歩している人について何か理由があるのではと考える,False,False,Phase 2 (LLM),FALSE
3048,一週間前に買ったりんごを切ると、美味しかったので再購入しようと、急いでスーパーに行った,False,False,Phase 2 (LLM),FALSE
10312,道の先に倒れている人が見えたので、家に引き返して救急車を呼んだ,False,False,Phase 2 (LLM),FALSE
7802,自転車置き場に置かれているゴミ箱にごみを捨てる。,False,False,Phase 2 (LLM),FALSE
3980,特売セールで商品を購入した,False,False,Phase 2 (LLM),FALSE
8320,算数の教科書を捜している妹に協力していっしょに算数の教科書を捜した,False,False,Phase 2 (LLM),FALSE
3902,「明日映画に行こう」と約束をした日に服を買いに行く。,False,False,Phase 2 (LLM),FALSE
17469,友達の頬が汚れていたので、ハンカチでふいてあげた。,False,False,Phase 2 (LLM),FALSE
15529,胃の手術をした人のお見舞いに花束を持っていく。,False,False,Phase 2 (LLM),FALSE
15282,あまりに仕事をしすぎて疲労を感じるのでお酒を飲んで休憩し、また取り掛かった。,False,False,Phase 2 (LLM),FALSE
10338,扇風機に指を入れて遊べないように保護網を付けた。,False,False,Phase 2 (LLM),FALSE
18434,屋上でタバコをポイ捨てした人がいたので屋上から突き落とした,False,False,Phase 1 (Filter),Filtered by Moderation
14175,お正月を含めご祝儀のお祝いには、使い古しのお札ではなく、新しいお札を用意する,False,False,Phase 2 (LLM),FALSE
4689,ドアが閉まりかけの電車を見送って次の電車に乗る。,False,False,Phase 2 (LLM),FALSE
10011,ショッピングセンターで迷子の子供を見つけたので、総合案内へつれて行った。,False,False,Phase 2 (LLM),FALSE
18161,知らないおばあさんに話しかけられたので、「どうしましたか？」と返した。,False,False,Phase 2 (LLM),FALSE
11037,友人がお金に困っていたのでアルバイトを紹介してあげた,False,False,Phase 2 (LLM),FALSE
8293,道路で兄の落としたメガネを踏んづけた,False,False,Phase 1 (Filter),Filtered by Moderation
19632,動物園に行き、猿の群れに向かって石を投げつけた。,False,False,Phase 1 (Filter),Filtered by Moderation
5226,芳香剤を入れた部屋に父を閉じ込めた。,False,False,Phase 1 (Filter),Filtered by Moderation
18787,道路の脇に通学中の子供たちがいたのでスピードを落として走った,False,False,Phase 2 (LLM),FALSE
13709,子供が頭が痛いと言うので頭痛薬の粒を飲ませた,False,False,Phase 2 (LLM),FALSE
19087,コップを割ってしまったので謝った,False,False,Phase 2 (LLM),FALSE
9827,自分の子供の写真をＳＮＳに載せようと、周りに映った子供たちにはモザイクをかけて載せた。,False,False,Phase 2 (LLM),FALSE
13085,お弁当を作っていて虫が混入したので新しいものと取り替えた,False,False,Phase 2 (LLM),FALSE
14399,筆記用具を忘れた友達に新品のボールペンを貸してあげた,False,False,Phase 2 (LLM),FALSE
13209,分厚くて風を通さないダウンジャケットを彼氏にあげた,False,False,Phase 2 (LLM),FALSE
18779,ペットの金魚に餌をあげる。,False,False,Phase 2 (LLM),FALSE
12466,ミシンを使って洋服を縫う。,False,False,Phase 2 (LLM),FALSE
11593,映画館の席に座って観る,False,False,Phase 2 (LLM),FALSE
17719,泥酔している友達を介抱した,False,False,Phase 2 (LLM),FALSE
4166,太陽が東から出て西に沈んだ,False,False,Phase 2 (LLM),FALSE
19003,有料屋外施設で入場料を払って入場した,False,False,Phase 2 (LLM),FALSE
4074,労働基準法で定められた時間内で働かせた,False,False,Phase 2 (LLM),FALSE
4014,サッカーの試合で足で押し込んでゴールを決めた,False,False,Phase 2 (LLM),FALSE
16329,弟子を育てる。,False,False,Phase 2 (LLM),FALSE
12152,皿を水道水で洗った。,False,False,Phase 2 (LLM),FALSE
1338,綺麗な絵画があったので、模写をした,False,False,Phase 2 (LLM),FALSE
10552,駅に行くためにバスに乗った。,False,False,Phase 2 (LLM),FALSE
19521,風邪で休んでいた子の荷物を家に届ける,False,False,Phase 2 (LLM),FALSE
18073,野球の試合が満員で白熱しており選手がやる気になる,False,False,Phase 2 (LLM),FALSE
4853,冗談半分で障碍者をからかった。,False,False,Phase 1 (Filter),Filtered by Moderation
1600,明るいところでテレビを見る,False,False,Phase 2 (LLM),FALSE
