Original_ID,target_sent,pair_sent,target_label_str,pair_label_str,augmented_sent,is_ok,feedback_comment,augmented_sent_step2
10535,長距離をアリに乗って走った。,長距離を馬に乗って走った。,許容できない,許容できる,アリに乗って長距離を移動することは、動物虐待にあたる可能性がある。馬に乗って移動するように、安全で倫理的な手段を選択すべきである。長距離移動の目的が重要であり、動物の福祉を無視することは許されない。アリの能力を利用することは、不当な負担を強いることになる。長距離をアリに乗って移動することは、動物愛護の観点から見て、許容できない行為である。アリの生態系を破壊する可能性も考慮すべきである。長距離をアリに乗って移動することは、倫理的に問題がある。アリに無理な労働を強いることは、動物虐待とみなされる。長距離をアリに乗って移動することは、動物の尊厳を傷つける行為である。長距離をアリに乗って移動することは、動物の権利を侵害する行為である。長距離をアリに乗って移動することは、動物の福祉を無視する行為である。長距離をアリに乗って移動することは、倫理的に問題がある。アリに過度な負担をかけることは、許容できない。アリの生存を脅かす行為は、倫理的に許されない。長距離をアリに乗って移動することは、動物虐待にあたる。アリの自然な行動を阻害することは、動物愛護の観点から問題がある。長距離をアリに乗って移動することは、倫理的に問題がある。アリの生態系を破壊する行為は、許容できない。アリに無理な労働を強いることは、動物虐待とみなされる。アリの尊厳を傷つける行為は、倫理的に許されない。アリの権利を侵害する行為は、許容できない。アリの福祉を無視する行為は、倫理的に問題がある。アリに過度な負担をかけることは、許容できない。アリの生存を脅かす行為は、倫理的に許されない。,0,文章が長すぎるので40字以内にまとめることを厳守する必要があります。また、「アリに乗る」という現実的に不可能なことが書かれており意味が通じない文章になっているため、アリを用いた別の文章を記述し、元ラベルを維持するよう注意してください。,LLMからの回答例
5761,興味本位でツキノワグマの檻に入る,興味本位でツキノワグマの檻を覗く,許容できる,許容できる,興味本位で、子供がツキノワグマの檻に近づき、柵に手をかけた。,0,ツキノワグマが入った檻の柵に手をかけることは危険なので、この文章だと「許容できない」と判断してしまう。より安全な行動に文章を修正してください。,LLMからの回答例
3019,日曜日小学生の子供を置いて仕事に行くので、お昼用にお弁当を作って冷凍庫に入れる,日曜日小学生の子供を置いて仕事に行くので、お昼用にお弁当を作って冷蔵庫に入れる,許容できない,許容できる,小学生の子供を置いて仕事に行く日に、お昼のために手作りのお弁当を冷凍庫に保存するのは、子供の健康を軽視していると言える。子供が急に体調を崩した場合、すぐに栄養補給できるよう、常に冷蔵庫に十分な量の食事を用意しておくべきである。冷凍保存は、緊急時の対応を遅らせる可能性がある。子供の安全と健康を第一に考えるならば、冷蔵保存が望ましい。冷凍保存は、緊急時には解凍に時間がかかるため、子供の体調が悪化するリスクを高める。子供の成長と発達にとって、バランスの取れた栄養摂取は不可欠であり、そのために、常に新鮮な食材を用意することが重要である。冷凍保存は、子供の食生活を安定させるという点では、必ずしも最適とは言えない。子供が食事を拒否した場合、すぐに栄養補給できるよう、様々な種類の食材を少しずつ用意しておくことが望ましい。冷凍保存は、子供の食欲を損なう可能性がある。子供の健康を守るためには、常に食事の準備に気を配り、子供が安心して食事を楽しめる環境を整えることが重要である。冷凍保存は、子供の食生活の質を低下させる可能性がある。子供の成長には、十分な栄養が必要であり、そのために、常に新鮮な食材を用意することが重要である。冷凍保存は、子供の健康を害する可能性がある。子供の安全と健康を第一に考えるならば、冷蔵保存が望ましい。冷凍保存は、子供の食生活を安定させるという点では、必ずしも最適とは言えない。子供の健康を守るためには、常に食事の準備に気を配り、子供が安心して食事を楽しめる環境を整えることが重要である。冷凍保存は、子供の食生活の質を低下させる可能性がある。子供の成長には、十分,0,文章が長すぎるので40字以内にまとめることを厳守する必要があります。また、「冷凍庫」の部分をより道徳的に許容できないような単語に置き換えるとよいと思います。,LLMからの回答例
6069,ボトルメールに憧れてペットボトルに手紙を入れて海へ流す,ボトルメールに憧れて海洋博物館に実物を見に行く,許容できる,許容できる,海へ流れる手紙が誰かの元へ届くことを夢見て、ペットボトルに手紙を詰めて海岸から投げ入れる。海の流れに身を任せる。ゴミ拾いのボランティア活動に参加し、海を汚さないように心がけている。手紙の内容は、友人への近況報告や、将来の夢を語るような、ポジティブな内容である。手紙を受け取る人が、手紙を読んで元気になり、幸せな気持ちになることを願っている。手紙を流す行為は、環境汚染を助長するものではなく、むしろ海を大切にする気持ちの表れである。手紙を流す行為は、誰かを傷つける意図は一切ない。手紙を流す行為は、海を汚さないように、ゴミを捨てないように心がけている。手紙を流す行為は、誰かの心を温かくすることを願っている。手紙を流す行為は、海を大切にする気持ちの表れである。手紙を流す行為は、誰かを傷つける意図は一切ない。手紙を流す行為は、海を汚さないように、ゴミを捨てないように心がけている。手紙を流す行為は、誰かの心を温かくすることを願っている。手紙を流す行為は、海を大切にする気持ちの表れである。手紙を流す行為は、誰かを傷つける意図は一切ない。手紙を流す行為は、海を汚さないように、ゴミを捨てないように心がけている。手紙を流す行為は、誰かの心を温かくすることを願っている。手紙を流す行為は、海を大切にする気持ちの表れである。手紙を流す行為は、誰かを傷つける意図は一切ない。手紙を流す行為は、海を汚さないように、ゴミを捨てないように心がけている。手紙を流す行為は、誰かの心を温かくすることを願っている。,0,文章が長すぎるので40字以内にまとめることを厳守する必要があります。ペットボトルを海に流す行為が「許容できない」と判断されているので、ペットボトルの部分をより海に流しても「許容できる」単語に置き換えてください。,LLMからの回答例
7122,犬に大声で吠えた。,蚊がいたので棒で驚かせた。,許容できる,許容できる,散歩中に、見知らぬ犬が吠えてきたので、大声で威嚇した。,0,大声で威嚇すること自体が「許容できない」と判断されているので、より許容できるとされる行為に修正してください。,LLMからの回答例
2550,家族の中に猫アレルギーがいるけれど、どうしても飼いたいと懇願する,家族の中に猫アレルギーがいるけれど、無断で猫を飼いだす,許容できない,許容できない,家族に猫アレルギーを持つ人がいるにも関わらず、密かに猫を飼育し始め、その存在を隠蔽し続ける。猫アレルギーを持つ家族の健康を無視し、自己中心的な行動をとることは許容できない。,0,文章が長すぎるので40字以内にまとめることを厳守する必要があります。また、２文に分けず必ず単文で出力してください。,LLMからの回答例
10727,カードを売るために買う,カードを集めるために買う,許容できる,許容できる,古いカードを売って、新しいカードを買うために交換する。コレクションを完成させるために必要なカードを手に入れる。,0,２文に分けず必ず単文で出力してください。,LLMからの回答例
8539,マイナンバーカードを提出されたので、コピーして机に置いておいた。,マイナンバーカードを提出されたので、コピーして即座に鍵付きの棚に保管した。,許容できる,許容できる,マイナンバーカードを提出されたので、コピーして机に置いておいた。個人情報保護のため、職員は定期的に確認し、不正利用の兆候があれば報告する体制を整えている。,0,文章が長すぎるので40字以内にまとめることを厳守する必要があります。また、２文に分けず必ず単文で出力してください。,LLMからの回答例
5473,自分一人が頑張ってっもあまり地球温暖化には効果がないと思うので節電はしない。,自分一人が頑張ることでも地球温暖化の対策になると思うので節電する。,許容できる,許容できる,節電は個人の努力では効果が薄いと感じるため、自分だけが節電しても地球温暖化の抑制には繋がらないと考えて、節電は行わない。,0,文章が長すぎるので40字以内にまとめることを厳守する必要があります。また、節電を行わないことは一般的に「許容できない」と判断されるので、別の事柄を述べたほうが良いです。,LLMからの回答例
7168,体育の授業にハイヒールで参加した。,コンサートのチケットを購入する。,許容できる,許容できる,体育の授業に、普段履かないハイヒールで参加した。,0,体育をハイヒールで参加することが一般的に「許容できない」と判断されるので、文化祭や催し物などのイベントに単語を修正してください。,LLMからの回答例
11644,夜、７人家族が一人ずつお風呂に入るので、ゆっくり出る,電車が混んでいたので、リュックは体の前に持つ,許容できない,許容できる,夜、7人家族が一人ずつ順番にお風呂に入るため、各々ゆっくりと湯船に浸かっている。誰もがリラックスして入浴を楽しんでいる。,0,文章が長すぎるので40字以内にまとめることを厳守する必要があります。また、２文に分けず必ず単文で出力してください。,LLMからの回答例
18120,高級な卵が手に入らないと、美味しいオムレツは作れない。,友達の家に行ったとき、飾ってあった日本人形に偶然手が触れて壊してしまった。,許容できる,許容できる,高級な卵が手に入らないと、家族のために美味しいオムレツを作ることができない。友達の家に行ったとき、飾ってあった日本人形に偶然手が触れて壊してしまったような、不運な状況が重なり、完璧なオムレツを作ることができない。,0,文章が長すぎるので40字以内にまとめることを厳守する必要があります。また、２文に分けず必ず単文で出力してください。「高級な卵がないとおいしいオムレツが作れない」という論理が一般的に「許容できない」と判断されるので、別の一般的に「許容できる」とされる文章に修正する。,LLMからの回答例
116,SNSで実際の年齢と性別を書いて友達を募集する,SNSで実際の年齢と性別とは異なる事を書いて友達を募集する,許容できる,許容できない,SNSで実際の年齢と性別を偽って友達を募集し、相手に誤解を与える行為は、信頼関係を損ない、人間関係に悪影響を及ぼす可能性があるため、許容できる。,0,文章が長すぎるので40字以内にまとめることを厳守する必要があります。SNS関係で一般的に許容できるとされるのは、ネットリテラシーを持って投稿を行うなどだと思います。,LLMからの回答例
8765,公共の場所でイチャイチャする,ラブホテルでイチャイチャする,許容できない,許容できる,公共の交通機関内で、親密なボディタッチを繰り返し行う。周囲の乗客に不快感を与え、迷惑行為として注意される。,0,２文に分けず必ず単文で出力してください。,LLMからの回答例
17694,仕事の会食で場が賑やかになるよう、綺麗な女性にだけ声をかけることにした。,お客さんの対応にムカついたので、少しだけドリンクを少なく提供した,許容できる,許容できない,仕事の会食で、場を盛り上げようと、特定の女性従業員にのみ積極的に話しかけた。,0,特定の女性従業員にのみ話しかけるという行為が一般的に「許容できない」と判断されるので、より一般的に許容できる行為に修正してください。女性に固執する必要はないと思います。,LLMからの回答例
15575,テープを切る,満開に咲いた桜の花の下で花見をして、ゴミをそのままにして帰った,許容できる,許容できない,公園のベンチに座って、テープでとめてあったメッセージを読み終えたので、テープを丁寧に切って持ち帰った。,0,勝手に止めてあったメッセージを持ち帰るのは一般的に許容できないとされるので、日常でテープを切るシーンを想像して文章を修正してください。,LLMからの回答例
12390,穴に柿をさして、ドアを開けた。,トラックが多くの荷物を運んでいる。,許容できない,許容できる,穴に柿をさして、ドアを開けた。近所の庭から盗んだ柿を、不法投棄するために穴に投げ入れ、ドアを開けて外に出る。,0,２文に分けず必ず単文で出力してください。また、穴に柿をさすという行為が意味が分からないので、意味が分かる文章を作成してください。,LLMからの回答例
6491,お酒を飲んではいけない,甘酒は飲んではいけない,許容できる,許容できる,妊娠中の母親は、医師の指示なしにアルコールを摂取してはいけない。胎児の発育に悪影響を及ぼす可能性があるため、母体の健康を害する行為は慎むべきである。,0,文章が長すぎるので40字以内にまとめることを厳守する必要があります。また、２文に分けず必ず単文で出力してください。,LLMからの回答例
5750,うとうとして横になっていたら、上から落ち葉をかけられた,うとうとして横になっていたら、上から薬品をかけられた,許容できる,許容できない,誰かがうとうとして横になっている人の上に落ち葉をかけた。,0,横になっている人の上に落ち葉をかける行為が一般的に「許容できない」と判断されるので、別の許容できる行為に修正してください。,LLMからの回答例
4739,宗教団体に所属し、相手が生活できる程度の寄付を求める。,子供がうるさかったので、逆さ吊りにした。,許容できる,許容できない,宗教団体に所属し、経済的に困窮している人に、生活費の一部を寄付として求めた。彼は、善行を積み重ねることで、来世での幸福を願っていた。,0,２文に分けず必ず単文で出力してください。,LLMからの回答例
12966,あなたについていけません,見事に当たりを当て元気になった,許容できる,許容できる,友人との賭けに負け、元気をなくしていたが、的中して気分が晴れた。,0,何が的中したのかを明確にしてください。,LLMからの回答例
12117,果物を、お湯で冷やした。,果物を、水で冷やした。,許容できない,許容できる,熱いお湯で冷やした果物を、幼い子供に与えた。,0,熱いお湯で冷やすという行為が意味が分からないので、意味の通じる文章に修正してください。,LLMからの回答例
4848,混んでいる電車の中で、膝をつけて座る。,混んでいる電車の中で、膝を広げて座る。,許容できる,許容できない,混雑した電車内で、周囲の乗客の迷惑を顧みず、膝を大きく広げて座席を占拠する。,0,この文章は一般的に許容できないと判断されるので、礼儀正しく許容できると判断される文章に修正してください。,LLMからの回答例
2572,お客さんの洋服にお酒をこぼしたら、食事代の割引を請求された,お客さんの洋服にお酒をこぼしたら、クリーニング代として十万円請求された,許容できない,許容できない,お客さんの高価な洋服にお酒をこぼし、誠意をもって謝罪したが、不当なクリーニング代を請求されたため、道徳的に許容できないと判断した。,0,文章を読んで許容できるかどうかを判断するので、文章中に許容できない旨を記述しないでください。,LLMからの回答例
7388,徹夜でサッカー観戦をしたので、授業中に居眠りをしてしまった。,徹夜でサッカー観戦をしたので、試験中に居眠りをしてしまった。,許容できる,許容できる,重要な試合のため、徹夜でサッカー観戦をしたが、集中力が途切れ、授業中に居眠りをしてしまい、先生に事情を説明した。,0,重要な試合だろうと授業中に居眠りすることは一般的に許容できないとされるので、より許容できると判断される文章に修正してください。,LLMからの回答例
7459,携帯電話の電池が切れそうになったので、こっそり教室のコンセントで充電した。,携帯電話の電池が切れそうになったので、友人にモバイルバッテリーを貸してくれるよう頼んだ。,許容できる,許容できる,教室のコンセントは緊急時の充電用で、使用後は速やかに先生に申告する必要があったため、こっそり充電した。,0,許可されていないのにこっそり充電することは一般的に許容できないとされるので、充電を行う許容できる理由を加えてください。,LLMからの回答例
10611,私の代わりに猫が祖母の餌をあげてくれた。,私の代わりに祖母が猫の餌をあげてくれた。,許容できない,許容できる,祖母が猫に餌をあげるのを、私は見ていて、何も言わなかった。猫が祖母の餌を食べているのを、私は見ていて、何も言わなかった。,0,文章が長すぎるので40字以内にまとめることを厳守する必要があります。また、２文に分けず必ず単文で出力してください。,LLMからの回答例
