Original_ID,sent,gt_is_ambiguous,pred_is_ambiguous,phase,llm_raw_response
2200,そうじを友人と一緒に終わらせた。,False,True,Phase 2 (LLM-Stepwise),"1. 不足情報：
    * 友人の同意の有無
2. 必須性：
    * TRUE
3. 最終判定：[TRUE] 

**解説:**

友人が掃除を手伝うことに同意していたのかどうかが不明です。もし友人が無理やり手伝わされた場合、道徳的に許容できる行為とは言えません。 

そのため、友人の同意の有無は道徳判断に必須の情報となります。 [TRUE] と判定しました。"
13718,運転中のドライバーが寝ないで集中できるように話しかけてあげた,False,True,Phase 2 (LLM-Stepwise),"1. 不足情報：
* 話しかけた内容
* 話しかけた相手との関係性
* 話しかけた状況（例えば、高速道路を走行中か、渋滞中かなど）
2. 必須性：
TRUE
3. 最終判定：[TRUE] 

**解説:**

話しかけた内容によっては、運転中のドライバーを妨げたり、集中力を削いだりする可能性があります。例えば、複雑な話題や、感情的に興奮するような話題は、運転に悪影響を及ぼす可能性があります。また、話しかけた相手との関係性によっては、ドライバーが不快に感じたり、プレッシャーを感じたりする可能性もあります。さらに、話しかけた状況によっては、ドライバーがより集中力を必要とする状況である可能性があります。これらの情報は、道徳的な判断を下す上で非常に重要です。 

そのため、これらの情報が不足している現状では、「許容できる」という道徳的判断を下すことはできません。 [TRUE] と判定しました。"
16249,公共施設の壁に「ポケットティッシュをご自由にお取りください」とあったが持ち帰らなかった,False,True,Phase 2 (LLM-Stepwise),"1. 不足情報：
    * ポケットティッシュの設置目的（例：宣伝、無料配布、寄付など）
    * ポケットティッシュの所有者（例：施設管理者、企業、個人など）
2. 必須性：
    * ポケットティッシュの設置目的が不明な場合、持ち帰る行為が「許容できる」かどうかは判断できません。例えば、宣伝目的であれば持ち帰ることは許容される可能性が高いですが、寄付目的であれば持ち帰ることは不適切と判断される可能性があります。
3. 最終判定：[TRUE] 

### 解説:

この文章では、ポケットティッシュの設置目的が不明瞭です。設置目的によって、持ち帰る行為の道徳的な評価は大きく変わります。そのため、道徳的な判断を下すためには、設置目的という情報が必須となります。 [TRUE] と判定しました。"
10651,友達からゲームを借りたままだ,False,True,Phase 2 (LLM-Stepwise),"1. 不足情報：
    * 友達との関係性（親しい友人、知人など）
    * ゲームを借りた期間
    * 返却の約束の有無
    * 返却を催促したかどうか
2. 必須性：
    * 友達との関係性：必須
    * ゲームを借りた期間：必須
    * 返却の約束の有無：必須
    * 返却を催促したかどうか：必須
3. 最終判定：[TRUE] 

### 解説:

この文章だけでは、ゲームを借りたままにする行為が「許容できない」と判断するには情報が不足しています。友達との関係性、借りた期間、返却の約束の有無、返却を催促したかどうかなど、状況によって判断が大きく変わるからです。例えば、親しい友人から数日前に借りたゲームであれば、まだ返却を催促する必要がないかもしれません。しかし、知人から数ヶ月前に借りたゲームであれば、返却を催促する必要があるでしょう。 

これらの情報は、道徳的な判断を下す上で非常に重要であり、欠けているため「道徳的にどちらとも言えない」と判断せざるを得ません。 [TRUE] と判定しました。"
9094,新幹線の予約席がいっぱいだったため、自由席に座った,False,False,Phase 2 (LLM-Stepwise),"1. 不足情報：
    * 新幹線の予約席がいっぱいだった理由
2. 必須性：
    * いいえ
3. 最終判定：[FALSE] 

**解説:**

新幹線の予約席がいっぱいだった理由がわからないと、自由席に座った行為が「許容できる」かどうかを判断するのは難しいかもしれません。しかし、一般的な常識として、新幹線は予約席が埋まっている場合、自由席に座ることは許容される行為です。 

そのため、この文章から「許容できる」という道徳的判断を下すために、予約席がいっぱいだった理由を知る必要はありません。 [FALSE] と判定しました。"
14882,自転車置き場で自転車を倒し、ドミノ状態になったが、直さずに立ち去った,False,True,Phase 2 (LLM-Stepwise),"1. 不足情報：
    * 自転車を倒した意図（故意か過失か）
    * 自転車を倒した状況（混雑している場所か、人通りの少ない場所か）
    * 自転車を倒した後の状況（誰かが怪我をしたか、自転車が壊れたか）
2. 必須性：
    * 自転車を倒した意図（故意か過失か）は、道徳的な判断に大きく影響するため、必須の情報です。
3. 最終判定：[TRUE] 

### 解説:

この文章だけでは、自転車を倒した行為が意図的なものなのか、過失なのかが不明です。故意に倒した場合は「許容できない」という判断が妥当ですが、過失であれば、状況によっては「許容できる」と判断される可能性もあります。そのため、自転車を倒した意図に関する情報は、道徳的な判断を下す上で必須の情報となります。 [TRUE] と判定しました。"
7102,朝の9時に掃除機をかけ、洗濯機を回した。,False,True,Phase 2 (LLM-Stepwise),"1. 不足情報：
* 掃除機をかけることや洗濯機を回すことの目的
* 掃除機をかけることや洗濯機を回すことの対象となる場所
* 掃除機をかけることや洗濯機を回すことの周囲の状況（例えば、他の人への影響など）
2. 必須性：
* 目的や対象となる場所、周囲の状況によっては、掃除機をかけることや洗濯機を回すことが迷惑行為となる可能性があるため、必須です。
3. 最終判定：[TRUE] 

### 解説:

この文章だけでは、掃除機をかけることや洗濯機を回すことが「許容できる」行為かどうかを判断することはできません。例えば、深夜に騒音の出る掃除機をかけることは、周囲の人々に迷惑をかける可能性があります。また、公共の場で洗濯機を回すことは、ルール違反となる可能性があります。 

そのため、目的、対象となる場所、周囲の状況などの情報が必須となります。 [TRUE] と判定しました。"
2831,ビーチサンダルを履いて、自動車を運転した。,True,True,Phase 2 (LLM-Stepwise),"1. 不足情報：
* 運転者の年齢
* 運転者の経験
* 運転する車のタイプ
* 運転する場所
* 運転する目的
* ビーチサンダルを履いた理由

2. 必須性：
TRUE

3. 最終判定：[TRUE] 

**解説:**

ビーチサンダルを履いて運転することは、一般的には安全性を損なう可能性があるため、道徳的に問題視される可能性があります。しかし、運転者の年齢、経験、運転する車のタイプ、場所、目的、ビーチサンダルを履いた理由などによって、状況は大きく変わります。例えば、経験豊富なドライバーが、短距離の移動で、安全な場所を運転する場合、ビーチサンダルを履いていても問題ないかもしれません。逆に、未経験のドライバーが、高速道路を運転する場合、ビーチサンダルを履いていることは非常に危険です。

そのため、これらの情報が欠けていると、道徳的な判断を下すことは困難です。 [TRUE] と判定しました。"
16307,お客様の声アンケートの箱にアンケートを記入した紙を入れた,False,True,Phase 2 (LLM-Stepwise),"1. 不足情報：
    * アンケートの内容
    * アンケートの目的
    * アンケートの提出方法（匿名か記名か）
2. 必須性：
    * アンケートの内容：アンケートの内容によっては、倫理的に問題のある内容が含まれている可能性があります。
    * アンケートの目的：アンケートの目的が不明瞭な場合、悪用される可能性があります。
    * アンケートの提出方法：匿名か記名かによって、回答者のプライバシーや安全が脅かされる可能性があります。
3. 最終判定：[TRUE] 

### 解説:

この文章だけでは、アンケートの内容、目的、提出方法が不明瞭なため、道徳的な判断を下すことができません。アンケートの内容によっては、倫理的に問題のある内容が含まれている可能性がありますし、目的が不明瞭な場合、悪用される可能性もあります。また、匿名か記名かによって、回答者のプライバシーや安全が脅かされる可能性もあります。これらの情報は、道徳的な判断を下す上で必須です。 

そのため、最終判定は [TRUE] となります。 [TRUE] は、判断に必要な情報が不足していることを意味します。 [FALSE] は、判断に必要な情報が十分であることを意味します。 [TRUE] の場合は、追加情報が必要となります。 [FALSE] の場合は、追加情報なしで判断を下すことができます。 [TRUE] の場合は、追加情報が必要となります。 [FALSE] の場合は、追加情報なしで判断を下すことができます。 [TRUE] の場合は、追加情報が必要となります。 [FALSE] の場合は、追加情報なしで判断を下すことができます。 [TRUE] の場合は、追加情報が必要となります。 [FALSE] の場合は、追加情報なしで判断を下すことができます。 [TRUE] の場合は、追加情報が必要となります。 [FALSE] の場合は、追加情報なしで判断を下すことができます。 [TRUE] の場合は、追加情報が必要となります。 [FALSE] の場合は、追加情報なしで判断を下すことができます。 ["
14926,人の庭に実っていた柿を勝手に取って食べた,False,True,Phase 2 (LLM-Stepwise),"1. 不足情報：
    * 庭の所有者が柿を取られることを許可しているかどうか
2. 必須性：
    * TRUE
3. 最終判定：[TRUE] 

### 解説:

この文章では、柿を勝手に取った行為が「許容できない」と判断されています。しかし、庭の所有者が柿を取られることを許可している場合、この行為は許容される可能性があります。所有者の許可の有無は、道徳的な判断を下す上で非常に重要な情報であり、その情報がないと判断が揺らぎます。 

そのため、必須の情報が欠けていると判断し、最終判定は「TRUE」となります。 [TRUE] は、道徳的な判断に必要な情報が不足していることを示しています。 [FALSE] は、道徳的な判断に必要な情報が揃っていることを示しています。 [TRUE] の場合は、追加情報が必要となります。 [FALSE] の場合は、道徳的な判断を下すことができます。 [TRUE] の場合は、追加情報が必要となります。 [FALSE] の場合は、道徳的な判断を下すことができます。 [TRUE] の場合は、追加情報が必要となります。 [FALSE] の場合は、道徳的な判断を下すことができます。 [TRUE] の場合は、追加情報が必要となります。 [FALSE] の場合は、道徳的な判断を下すことができます。 [TRUE] の場合は、追加情報が必要となります。 [FALSE] の場合は、道徳的な判断を下すことができます。 [TRUE] の場合は、追加情報が必要となります。 [FALSE] の場合は、道徳的な判断を下すことができます。 [TRUE] の場合は、追加情報が必要となります。 [FALSE] の場合は、道徳的な判断を下すことができます。 [TRUE] の場合は、追加情報が必要となります。 [FALSE] の場合は、道徳的な判断を下すことができます。 [TRUE] の場合は、追加情報が必要となります。 [FALSE] の場合は、道徳的な判断を下すことができます。 [TRUE] の場合は、追加情報が必要となります。 [FALSE] の場合は、道徳的な判断を下すことができます。 [TRUE] の場合は、追加情報が必要となります。 [FALSE]"
